"FileName","id.x","name","type","ndims","natts","dim_coord","active","id.y","NA","units","long_name","calendar","scale_factor","add_offset","_FillValue","missing_value","standard_name","title","coordinates","axis"
"D:/Alliance/FRDR/Curation/2025/1226/files/Data_For_Figures/Averaged_exceedance_TP_p99p0_ERA5.nc",0,"longitude","NC_FLOAT",1,0,TRUE,FALSE,NA,"NULL",NA,NA,NA,NA,NA,NA,NA,NA,NA,NA,NA
"D:/Alliance/FRDR/Curation/2025/1226/files/Data_For_Figures/Averaged_exceedance_TP_p99p0_ERA5.nc",1,"latitude","NC_FLOAT",1,0,TRUE,FALSE,NA,"NULL",NA,NA,NA,NA,NA,NA,NA,NA,NA,NA,NA
"D:/Alliance/FRDR/Curation/2025/1226/files/Data_For_Figures/Averaged_exceedance_TP_p99p0_ERA5.nc",2,"seaExcount","NC_FLOAT",3,0,FALSE,TRUE,NA,"NULL",NA,NA,NA,NA,NA,NA,NA,NA,NA,NA,NA
"D:/Alliance/FRDR/Curation/2025/1226/files/Data_For_Figures/Averaged_exceedance_TP_p99p0_ERA5.nc",3,"seaExceedance","NC_FLOAT",3,0,FALSE,TRUE,NA,"NULL",NA,NA,NA,NA,NA,NA,NA,NA,NA,NA,NA
"D:/Alliance/FRDR/Curation/2025/1226/files/Data_For_Figures/Averaged_exceedance_TP_p99p0_ERA5.nc",4,"Excount","NC_FLOAT",2,0,FALSE,FALSE,NA,"NULL",NA,NA,NA,NA,NA,NA,NA,NA,NA,NA,NA
"D:/Alliance/FRDR/Curation/2025/1226/files/Data_For_Figures/Averaged_exceedance_TP_p99p0_ERA5.nc",5,"Exceedance","NC_FLOAT",2,0,FALSE,FALSE,NA,"NULL",NA,NA,NA,NA,NA,NA,NA,NA,NA,NA,NA
"D:/Alliance/FRDR/Curation/2025/1226/files/Data_For_Figures/Averaged_exceedance_TP_p99p0_IMERG.nc",0,"longitude","NC_FLOAT",1,0,TRUE,FALSE,NA,"NULL",NA,NA,NA,NA,NA,NA,NA,NA,NA,NA,NA
"D:/Alliance/FRDR/Curation/2025/1226/files/Data_For_Figures/Averaged_exceedance_TP_p99p0_IMERG.nc",1,"latitude","NC_FLOAT",1,0,TRUE,FALSE,NA,"NULL",NA,NA,NA,NA,NA,NA,NA,NA,NA,NA,NA
"D:/Alliance/FRDR/Curation/2025/1226/files/Data_For_Figures/Averaged_exceedance_TP_p99p0_IMERG.nc",2,"seaExcount","NC_FLOAT",3,0,FALSE,TRUE,NA,"NULL",NA,NA,NA,NA,NA,NA,NA,NA,NA,NA,NA
"D:/Alliance/FRDR/Curation/2025/1226/files/Data_For_Figures/Averaged_exceedance_TP_p99p0_IMERG.nc",3,"seaExceedance","NC_FLOAT",3,0,FALSE,TRUE,NA,"NULL",NA,NA,NA,NA,NA,NA,NA,NA,NA,NA,NA
"D:/Alliance/FRDR/Curation/2025/1226/files/Data_For_Figures/Averaged_exceedance_TP_p99p0_IMERG.nc",4,"Excount","NC_FLOAT",2,0,FALSE,FALSE,NA,"NULL",NA,NA,NA,NA,NA,NA,NA,NA,NA,NA,NA
"D:/Alliance/FRDR/Curation/2025/1226/files/Data_For_Figures/Averaged_exceedance_TP_p99p0_IMERG.nc",5,"Exceedance","NC_FLOAT",2,0,FALSE,FALSE,NA,"NULL",NA,NA,NA,NA,NA,NA,NA,NA,NA,NA,NA
"D:/Alliance/FRDR/Curation/2025/1226/files/Data_For_Figures/Averaged_exceedance_WS_p99p0_ERA5.nc",0,"longitude","NC_FLOAT",1,0,TRUE,FALSE,NA,"NULL",NA,NA,NA,NA,NA,NA,NA,NA,NA,NA,NA
"D:/Alliance/FRDR/Curation/2025/1226/files/Data_For_Figures/Averaged_exceedance_WS_p99p0_ERA5.nc",1,"latitude","NC_FLOAT",1,0,TRUE,FALSE,NA,"NULL",NA,NA,NA,NA,NA,NA,NA,NA,NA,NA,NA
"D:/Alliance/FRDR/Curation/2025/1226/files/Data_For_Figures/Averaged_exceedance_WS_p99p0_ERA5.nc",2,"seaExcount","NC_FLOAT",3,0,FALSE,TRUE,NA,"NULL",NA,NA,NA,NA,NA,NA,NA,NA,NA,NA,NA
"D:/Alliance/FRDR/Curation/2025/1226/files/Data_For_Figures/Averaged_exceedance_WS_p99p0_ERA5.nc",3,"seaExceedance","NC_FLOAT",3,0,FALSE,TRUE,NA,"NULL",NA,NA,NA,NA,NA,NA,NA,NA,NA,NA,NA
"D:/Alliance/FRDR/Curation/2025/1226/files/Data_For_Figures/Averaged_exceedance_WS_p99p0_ERA5.nc",4,"Excount","NC_FLOAT",2,0,FALSE,FALSE,NA,"NULL",NA,NA,NA,NA,NA,NA,NA,NA,NA,NA,NA
"D:/Alliance/FRDR/Curation/2025/1226/files/Data_For_Figures/Averaged_exceedance_WS_p99p0_ERA5.nc",5,"Exceedance","NC_FLOAT",2,0,FALSE,FALSE,NA,"NULL",NA,NA,NA,NA,NA,NA,NA,NA,NA,NA,NA
"D:/Alliance/FRDR/Curation/2025/1226/files/Data_For_Figures/CompoundExtremes_p98p0_ETC_association_relaxto12h_2001_2020_ERA5.nc",0,"longitude","NC_FLOAT",1,0,TRUE,FALSE,NA,"NULL",NA,NA,NA,NA,NA,NA,NA,NA,NA,NA,NA
"D:/Alliance/FRDR/Curation/2025/1226/files/Data_For_Figures/CompoundExtremes_p98p0_ETC_association_relaxto12h_2001_2020_ERA5.nc",1,"latitude","NC_FLOAT",1,0,TRUE,FALSE,NA,"NULL",NA,NA,NA,NA,NA,NA,NA,NA,NA,NA,NA
"D:/Alliance/FRDR/Curation/2025/1226/files/Data_For_Figures/CompoundExtremes_p98p0_ETC_association_relaxto12h_2001_2020_ERA5.nc",2,"ETC_Compound_counts_12h","NC_FLOAT",3,0,FALSE,TRUE,NA,"NULL",NA,NA,NA,NA,NA,NA,NA,NA,NA,NA,NA
"D:/Alliance/FRDR/Curation/2025/1226/files/Data_For_Figures/CompoundExtremes_p98p0_ETC_association_relaxto12h_2001_2020_ERA5.nc",3,"noETC_Compound_counts_12h","NC_FLOAT",3,0,FALSE,TRUE,NA,"NULL",NA,NA,NA,NA,NA,NA,NA,NA,NA,NA,NA
"D:/Alliance/FRDR/Curation/2025/1226/files/Data_For_Figures/CompoundExtremes_p99p0_ETC_association_relaxto12h_2001_2020_ERA5.nc",0,"longitude","NC_FLOAT",1,0,TRUE,FALSE,NA,"NULL",NA,NA,NA,NA,NA,NA,NA,NA,NA,NA,NA
"D:/Alliance/FRDR/Curation/2025/1226/files/Data_For_Figures/CompoundExtremes_p99p0_ETC_association_relaxto12h_2001_2020_ERA5.nc",1,"latitude","NC_FLOAT",1,0,TRUE,FALSE,NA,"NULL",NA,NA,NA,NA,NA,NA,NA,NA,NA,NA,NA
"D:/Alliance/FRDR/Curation/2025/1226/files/Data_For_Figures/CompoundExtremes_p99p0_ETC_association_relaxto12h_2001_2020_ERA5.nc",2,"ETC_Compound_counts_12h","NC_FLOAT",3,0,FALSE,TRUE,NA,"NULL",NA,NA,NA,NA,NA,NA,NA,NA,NA,NA,NA
"D:/Alliance/FRDR/Curation/2025/1226/files/Data_For_Figures/CompoundExtremes_p99p0_ETC_association_relaxto12h_2001_2020_ERA5.nc",3,"noETC_Compound_counts_12h","NC_FLOAT",3,0,FALSE,TRUE,NA,"NULL",NA,NA,NA,NA,NA,NA,NA,NA,NA,NA,NA
"D:/Alliance/FRDR/Curation/2025/1226/files/Data_For_Figures/CompoundExtremes_p99p9_ETC_association_relaxto12h_2001_2020_ERA5.nc",0,"longitude","NC_FLOAT",1,0,TRUE,FALSE,NA,"NULL",NA,NA,NA,NA,NA,NA,NA,NA,NA,NA,NA
"D:/Alliance/FRDR/Curation/2025/1226/files/Data_For_Figures/CompoundExtremes_p99p9_ETC_association_relaxto12h_2001_2020_ERA5.nc",1,"latitude","NC_FLOAT",1,0,TRUE,FALSE,NA,"NULL",NA,NA,NA,NA,NA,NA,NA,NA,NA,NA,NA
"D:/Alliance/FRDR/Curation/2025/1226/files/Data_For_Figures/CompoundExtremes_p99p9_ETC_association_relaxto12h_2001_2020_ERA5.nc",2,"ETC_Compound_counts_12h","NC_FLOAT",3,0,FALSE,TRUE,NA,"NULL",NA,NA,NA,NA,NA,NA,NA,NA,NA,NA,NA
"D:/Alliance/FRDR/Curation/2025/1226/files/Data_For_Figures/CompoundExtremes_p99p9_ETC_association_relaxto12h_2001_2020_ERA5.nc",3,"noETC_Compound_counts_12h","NC_FLOAT",3,0,FALSE,TRUE,NA,"NULL",NA,NA,NA,NA,NA,NA,NA,NA,NA,NA,NA
"D:/Alliance/FRDR/Curation/2025/1226/files/Data_For_Figures/ERA5_2019OctNov_mslp.nc",0,"longitude","NC_FLOAT",1,2,TRUE,FALSE,0,NA,"degrees_east",NA,NA,NA,NA,NA,NA,NA,NA,NA,NA
"D:/Alliance/FRDR/Curation/2025/1226/files/Data_For_Figures/ERA5_2019OctNov_mslp.nc",0,"longitude","NC_FLOAT",1,2,TRUE,FALSE,1,NA,NA,"longitude",NA,NA,NA,NA,NA,NA,NA,NA,NA
"D:/Alliance/FRDR/Curation/2025/1226/files/Data_For_Figures/ERA5_2019OctNov_mslp.nc",1,"latitude","NC_FLOAT",1,2,TRUE,FALSE,0,NA,"degrees_north",NA,NA,NA,NA,NA,NA,NA,NA,NA,NA
"D:/Alliance/FRDR/Curation/2025/1226/files/Data_For_Figures/ERA5_2019OctNov_mslp.nc",1,"latitude","NC_FLOAT",1,2,TRUE,FALSE,1,NA,NA,"latitude",NA,NA,NA,NA,NA,NA,NA,NA,NA
"D:/Alliance/FRDR/Curation/2025/1226/files/Data_For_Figures/ERA5_2019OctNov_mslp.nc",2,"time","NC_INT",1,3,TRUE,FALSE,0,NA,"hours since 1900-01-01 00:00:00.0",NA,NA,NA,NA,NA,NA,NA,NA,NA,NA
"D:/Alliance/FRDR/Curation/2025/1226/files/Data_For_Figures/ERA5_2019OctNov_mslp.nc",2,"time","NC_INT",1,3,TRUE,FALSE,1,NA,NA,"time",NA,NA,NA,NA,NA,NA,NA,NA,NA
"D:/Alliance/FRDR/Curation/2025/1226/files/Data_For_Figures/ERA5_2019OctNov_mslp.nc",2,"time","NC_INT",1,3,TRUE,FALSE,2,NA,NA,NA,"gregorian",NA,NA,NA,NA,NA,NA,NA,NA
"D:/Alliance/FRDR/Curation/2025/1226/files/Data_For_Figures/ERA5_2019OctNov_mslp.nc",3,"msl","NC_SHORT",3,7,FALSE,TRUE,0,NA,NA,NA,NA,"0.155395945554148",NA,NA,NA,NA,NA,NA,NA
"D:/Alliance/FRDR/Curation/2025/1226/files/Data_For_Figures/ERA5_2019OctNov_mslp.nc",3,"msl","NC_SHORT",3,7,FALSE,TRUE,1,NA,NA,NA,NA,NA,"100084.578552027",NA,NA,NA,NA,NA,NA
"D:/Alliance/FRDR/Curation/2025/1226/files/Data_For_Figures/ERA5_2019OctNov_mslp.nc",3,"msl","NC_SHORT",3,7,FALSE,TRUE,2,NA,NA,NA,NA,NA,NA,"-32767",NA,NA,NA,NA,NA
"D:/Alliance/FRDR/Curation/2025/1226/files/Data_For_Figures/ERA5_2019OctNov_mslp.nc",3,"msl","NC_SHORT",3,7,FALSE,TRUE,3,NA,NA,NA,NA,NA,NA,NA,"-32767",NA,NA,NA,NA
"D:/Alliance/FRDR/Curation/2025/1226/files/Data_For_Figures/ERA5_2019OctNov_mslp.nc",3,"msl","NC_SHORT",3,7,FALSE,TRUE,4,NA,"Pa",NA,NA,NA,NA,NA,NA,NA,NA,NA,NA
"D:/Alliance/FRDR/Curation/2025/1226/files/Data_For_Figures/ERA5_2019OctNov_mslp.nc",3,"msl","NC_SHORT",3,7,FALSE,TRUE,5,NA,NA,"Mean sea level pressure",NA,NA,NA,NA,NA,NA,NA,NA,NA
"D:/Alliance/FRDR/Curation/2025/1226/files/Data_For_Figures/ERA5_2019OctNov_mslp.nc",3,"msl","NC_SHORT",3,7,FALSE,TRUE,6,NA,NA,NA,NA,NA,NA,NA,NA,"air_pressure_at_mean_sea_level",NA,NA,NA
"D:/Alliance/FRDR/Curation/2025/1226/files/Data_For_Figures/ERA5_2019OctNov_TP_10mUV.nc",0,"longitude","NC_FLOAT",1,2,TRUE,FALSE,0,NA,"degrees_east",NA,NA,NA,NA,NA,NA,NA,NA,NA,NA
"D:/Alliance/FRDR/Curation/2025/1226/files/Data_For_Figures/ERA5_2019OctNov_TP_10mUV.nc",0,"longitude","NC_FLOAT",1,2,TRUE,FALSE,1,NA,NA,"longitude",NA,NA,NA,NA,NA,NA,NA,NA,NA
"D:/Alliance/FRDR/Curation/2025/1226/files/Data_For_Figures/ERA5_2019OctNov_TP_10mUV.nc",1,"latitude","NC_FLOAT",1,2,TRUE,FALSE,0,NA,"degrees_north",NA,NA,NA,NA,NA,NA,NA,NA,NA,NA
"D:/Alliance/FRDR/Curation/2025/1226/files/Data_For_Figures/ERA5_2019OctNov_TP_10mUV.nc",1,"latitude","NC_FLOAT",1,2,TRUE,FALSE,1,NA,NA,"latitude",NA,NA,NA,NA,NA,NA,NA,NA,NA
"D:/Alliance/FRDR/Curation/2025/1226/files/Data_For_Figures/ERA5_2019OctNov_TP_10mUV.nc",2,"time","NC_INT",1,3,TRUE,FALSE,0,NA,"hours since 1900-01-01 00:00:00.0",NA,NA,NA,NA,NA,NA,NA,NA,NA,NA
"D:/Alliance/FRDR/Curation/2025/1226/files/Data_For_Figures/ERA5_2019OctNov_TP_10mUV.nc",2,"time","NC_INT",1,3,TRUE,FALSE,1,NA,NA,"time",NA,NA,NA,NA,NA,NA,NA,NA,NA
"D:/Alliance/FRDR/Curation/2025/1226/files/Data_For_Figures/ERA5_2019OctNov_TP_10mUV.nc",2,"time","NC_INT",1,3,TRUE,FALSE,2,NA,NA,NA,"gregorian",NA,NA,NA,NA,NA,NA,NA,NA
"D:/Alliance/FRDR/Curation/2025/1226/files/Data_For_Figures/ERA5_2019OctNov_TP_10mUV.nc",3,"u10","NC_SHORT",3,6,FALSE,TRUE,0,NA,NA,NA,NA,"0.000973925805092949",NA,NA,NA,NA,NA,NA,NA
"D:/Alliance/FRDR/Curation/2025/1226/files/Data_For_Figures/ERA5_2019OctNov_TP_10mUV.nc",3,"u10","NC_SHORT",3,6,FALSE,TRUE,1,NA,NA,NA,NA,NA,"-2.53932058106661",NA,NA,NA,NA,NA,NA
"D:/Alliance/FRDR/Curation/2025/1226/files/Data_For_Figures/ERA5_2019OctNov_TP_10mUV.nc",3,"u10","NC_SHORT",3,6,FALSE,TRUE,2,NA,NA,NA,NA,NA,NA,"-32767",NA,NA,NA,NA,NA
"D:/Alliance/FRDR/Curation/2025/1226/files/Data_For_Figures/ERA5_2019OctNov_TP_10mUV.nc",3,"u10","NC_SHORT",3,6,FALSE,TRUE,3,NA,NA,NA,NA,NA,NA,NA,"-32767",NA,NA,NA,NA
"D:/Alliance/FRDR/Curation/2025/1226/files/Data_For_Figures/ERA5_2019OctNov_TP_10mUV.nc",3,"u10","NC_SHORT",3,6,FALSE,TRUE,4,NA,"m s**-1",NA,NA,NA,NA,NA,NA,NA,NA,NA,NA
"D:/Alliance/FRDR/Curation/2025/1226/files/Data_For_Figures/ERA5_2019OctNov_TP_10mUV.nc",3,"u10","NC_SHORT",3,6,FALSE,TRUE,5,NA,NA,"10 metre U wind component",NA,NA,NA,NA,NA,NA,NA,NA,NA
"D:/Alliance/FRDR/Curation/2025/1226/files/Data_For_Figures/ERA5_2019OctNov_TP_10mUV.nc",4,"v10","NC_SHORT",3,6,FALSE,TRUE,0,NA,NA,NA,NA,"0.000917408468631143",NA,NA,NA,NA,NA,NA,NA
"D:/Alliance/FRDR/Curation/2025/1226/files/Data_For_Figures/ERA5_2019OctNov_TP_10mUV.nc",4,"v10","NC_SHORT",3,6,FALSE,TRUE,1,NA,NA,NA,NA,NA,"1.14562131285553",NA,NA,NA,NA,NA,NA
"D:/Alliance/FRDR/Curation/2025/1226/files/Data_For_Figures/ERA5_2019OctNov_TP_10mUV.nc",4,"v10","NC_SHORT",3,6,FALSE,TRUE,2,NA,NA,NA,NA,NA,NA,"-32767",NA,NA,NA,NA,NA
"D:/Alliance/FRDR/Curation/2025/1226/files/Data_For_Figures/ERA5_2019OctNov_TP_10mUV.nc",4,"v10","NC_SHORT",3,6,FALSE,TRUE,3,NA,NA,NA,NA,NA,NA,NA,"-32767",NA,NA,NA,NA
"D:/Alliance/FRDR/Curation/2025/1226/files/Data_For_Figures/ERA5_2019OctNov_TP_10mUV.nc",4,"v10","NC_SHORT",3,6,FALSE,TRUE,4,NA,"m s**-1",NA,NA,NA,NA,NA,NA,NA,NA,NA,NA
"D:/Alliance/FRDR/Curation/2025/1226/files/Data_For_Figures/ERA5_2019OctNov_TP_10mUV.nc",4,"v10","NC_SHORT",3,6,FALSE,TRUE,5,NA,NA,"10 metre V wind component",NA,NA,NA,NA,NA,NA,NA,NA,NA
"D:/Alliance/FRDR/Curation/2025/1226/files/Data_For_Figures/ERA5_2019OctNov_TP_10mUV.nc",5,"tp","NC_SHORT",3,6,FALSE,TRUE,0,NA,NA,NA,NA,"6.21526198699808e-07",NA,NA,NA,NA,NA,NA,NA
"D:/Alliance/FRDR/Curation/2025/1226/files/Data_For_Figures/ERA5_2019OctNov_TP_10mUV.nc",5,"tp","NC_SHORT",3,6,FALSE,TRUE,1,NA,NA,NA,NA,NA,"0.0203649274265979",NA,NA,NA,NA,NA,NA
"D:/Alliance/FRDR/Curation/2025/1226/files/Data_For_Figures/ERA5_2019OctNov_TP_10mUV.nc",5,"tp","NC_SHORT",3,6,FALSE,TRUE,2,NA,NA,NA,NA,NA,NA,"-32767",NA,NA,NA,NA,NA
"D:/Alliance/FRDR/Curation/2025/1226/files/Data_For_Figures/ERA5_2019OctNov_TP_10mUV.nc",5,"tp","NC_SHORT",3,6,FALSE,TRUE,3,NA,NA,NA,NA,NA,NA,NA,"-32767",NA,NA,NA,NA
"D:/Alliance/FRDR/Curation/2025/1226/files/Data_For_Figures/ERA5_2019OctNov_TP_10mUV.nc",5,"tp","NC_SHORT",3,6,FALSE,TRUE,4,NA,"m",NA,NA,NA,NA,NA,NA,NA,NA,NA,NA
"D:/Alliance/FRDR/Curation/2025/1226/files/Data_For_Figures/ERA5_2019OctNov_TP_10mUV.nc",5,"tp","NC_SHORT",3,6,FALSE,TRUE,5,NA,NA,"Total precipitation",NA,NA,NA,NA,NA,NA,NA,NA,NA
"D:/Alliance/FRDR/Curation/2025/1226/files/Data_For_Figures/Geopotential_orography.nc",0,"longitude","NC_FLOAT",1,2,TRUE,FALSE,0,NA,"degrees_east",NA,NA,NA,NA,NA,NA,NA,NA,NA,NA
"D:/Alliance/FRDR/Curation/2025/1226/files/Data_For_Figures/Geopotential_orography.nc",0,"longitude","NC_FLOAT",1,2,TRUE,FALSE,1,NA,NA,"longitude",NA,NA,NA,NA,NA,NA,NA,NA,NA
"D:/Alliance/FRDR/Curation/2025/1226/files/Data_For_Figures/Geopotential_orography.nc",1,"latitude","NC_FLOAT",1,2,TRUE,FALSE,0,NA,"degrees_north",NA,NA,NA,NA,NA,NA,NA,NA,NA,NA
"D:/Alliance/FRDR/Curation/2025/1226/files/Data_For_Figures/Geopotential_orography.nc",1,"latitude","NC_FLOAT",1,2,TRUE,FALSE,1,NA,NA,"latitude",NA,NA,NA,NA,NA,NA,NA,NA,NA
"D:/Alliance/FRDR/Curation/2025/1226/files/Data_For_Figures/Geopotential_orography.nc",2,"time","NC_INT",1,3,TRUE,FALSE,0,NA,"hours since 1900-01-01 00:00:00.0",NA,NA,NA,NA,NA,NA,NA,NA,NA,NA
"D:/Alliance/FRDR/Curation/2025/1226/files/Data_For_Figures/Geopotential_orography.nc",2,"time","NC_INT",1,3,TRUE,FALSE,1,NA,NA,"time",NA,NA,NA,NA,NA,NA,NA,NA,NA
"D:/Alliance/FRDR/Curation/2025/1226/files/Data_For_Figures/Geopotential_orography.nc",2,"time","NC_INT",1,3,TRUE,FALSE,2,NA,NA,NA,"gregorian",NA,NA,NA,NA,NA,NA,NA,NA
"D:/Alliance/FRDR/Curation/2025/1226/files/Data_For_Figures/Geopotential_orography.nc",3,"z","NC_SHORT",3,7,FALSE,TRUE,0,NA,NA,NA,NA,"0.524733125867883",NA,NA,NA,NA,NA,NA,NA
"D:/Alliance/FRDR/Curation/2025/1226/files/Data_For_Figures/Geopotential_orography.nc",3,"z","NC_SHORT",3,7,FALSE,TRUE,1,NA,NA,NA,NA,NA,"16288.1580435933",NA,NA,NA,NA,NA,NA
"D:/Alliance/FRDR/Curation/2025/1226/files/Data_For_Figures/Geopotential_orography.nc",3,"z","NC_SHORT",3,7,FALSE,TRUE,2,NA,NA,NA,NA,NA,NA,"-32767",NA,NA,NA,NA,NA
"D:/Alliance/FRDR/Curation/2025/1226/files/Data_For_Figures/Geopotential_orography.nc",3,"z","NC_SHORT",3,7,FALSE,TRUE,3,NA,NA,NA,NA,NA,NA,NA,"-32767",NA,NA,NA,NA
"D:/Alliance/FRDR/Curation/2025/1226/files/Data_For_Figures/Geopotential_orography.nc",3,"z","NC_SHORT",3,7,FALSE,TRUE,4,NA,"m**2 s**-2",NA,NA,NA,NA,NA,NA,NA,NA,NA,NA
"D:/Alliance/FRDR/Curation/2025/1226/files/Data_For_Figures/Geopotential_orography.nc",3,"z","NC_SHORT",3,7,FALSE,TRUE,5,NA,NA,"Geopotential",NA,NA,NA,NA,NA,NA,NA,NA,NA
"D:/Alliance/FRDR/Curation/2025/1226/files/Data_For_Figures/Geopotential_orography.nc",3,"z","NC_SHORT",3,7,FALSE,TRUE,6,NA,NA,NA,NA,NA,NA,NA,NA,"geopotential",NA,NA,NA
"D:/Alliance/FRDR/Curation/2025/1226/files/Data_For_Figures/Timeseries_WSnTP_local_record_Montreal_2019HalloweenStorm.nc",0,"longitude","NC_FLOAT",1,0,TRUE,FALSE,NA,"NULL",NA,NA,NA,NA,NA,NA,NA,NA,NA,NA,NA
"D:/Alliance/FRDR/Curation/2025/1226/files/Data_For_Figures/Timeseries_WSnTP_local_record_Montreal_2019HalloweenStorm.nc",1,"latitude","NC_FLOAT",1,0,TRUE,FALSE,NA,"NULL",NA,NA,NA,NA,NA,NA,NA,NA,NA,NA,NA
"D:/Alliance/FRDR/Curation/2025/1226/files/Data_For_Figures/Timeseries_WSnTP_local_record_Montreal_2019HalloweenStorm.nc",2,"Storm_count","NC_INT",2,0,FALSE,FALSE,NA,"NULL",NA,NA,NA,NA,NA,NA,NA,NA,NA,NA,NA
"D:/Alliance/FRDR/Curation/2025/1226/files/Data_For_Figures/Timeseries_WSnTP_local_record_Montreal_2019HalloweenStorm.nc",3,"Duration_of_storm","NC_INT",3,1,FALSE,FALSE,0,NA,NA,NA,NA,NA,NA,NA,"-9999",NA,NA,NA,NA
"D:/Alliance/FRDR/Curation/2025/1226/files/Data_For_Figures/Timeseries_WSnTP_local_record_Montreal_2019HalloweenStorm.nc",4,"Distance_to_storm","NC_FLOAT",4,1,FALSE,TRUE,0,NA,NA,NA,NA,NA,NA,NA,"-9999",NA,NA,NA,NA
"D:/Alliance/FRDR/Curation/2025/1226/files/Data_For_Figures/Timeseries_WSnTP_local_record_Montreal_2019HalloweenStorm.nc",5,"Re_direction_of_storm","NC_INT",4,2,FALSE,TRUE,0,NA,NA,NA,NA,NA,NA,NA,"-9999",NA,NA,NA,NA
"D:/Alliance/FRDR/Curation/2025/1226/files/Data_For_Figures/Timeseries_WSnTP_local_record_Montreal_2019HalloweenStorm.nc",5,"Re_direction_of_storm","NC_INT",4,2,FALSE,TRUE,1,NA,NA,NA,NA,NA,NA,NA,NA,NA,"0=N,the storm is located to the N of this grid cell; 6=W",NA,NA
"D:/Alliance/FRDR/Curation/2025/1226/files/Data_For_Figures/Timeseries_WSnTP_local_record_Montreal_2019HalloweenStorm.nc",6,"TP_series","NC_FLOAT",4,1,FALSE,TRUE,0,NA,NA,NA,NA,NA,NA,NA,"-9999",NA,NA,NA,NA
"D:/Alliance/FRDR/Curation/2025/1226/files/Data_For_Figures/Timeseries_WSnTP_local_record_Montreal_2019HalloweenStorm.nc",7,"WS_series","NC_FLOAT",4,1,FALSE,TRUE,0,NA,NA,NA,NA,NA,NA,NA,"-9999",NA,NA,NA,NA
"D:/Alliance/FRDR/Curation/2025/1226/files/Data_For_Figures/Timeseries_WSnTP_local_record_Montreal_2019HalloweenStorm.nc",8,"lifetime","NC_FLOAT",4,1,FALSE,TRUE,0,NA,NA,NA,NA,NA,NA,NA,"-9999",NA,NA,NA,NA
"D:/Alliance/FRDR/Curation/2025/1226/files/Data_For_Figures/TPExtremes_p99p0_duration_exceedance_distribution_Halloween_ERA5.nc",0,"longitude","NC_FLOAT",1,0,TRUE,FALSE,NA,"NULL",NA,NA,NA,NA,NA,NA,NA,NA,NA,NA,NA
"D:/Alliance/FRDR/Curation/2025/1226/files/Data_For_Figures/TPExtremes_p99p0_duration_exceedance_distribution_Halloween_ERA5.nc",1,"latitude","NC_FLOAT",1,0,TRUE,FALSE,NA,"NULL",NA,NA,NA,NA,NA,NA,NA,NA,NA,NA,NA
"D:/Alliance/FRDR/Curation/2025/1226/files/Data_For_Figures/TPExtremes_p99p0_duration_exceedance_distribution_Halloween_ERA5.nc",2,"extreme_duration_all","NC_FLOAT",2,1,FALSE,FALSE,0,NA,NA,NA,NA,NA,NA,NA,"-9999",NA,NA,NA,NA
"D:/Alliance/FRDR/Curation/2025/1226/files/Data_For_Figures/TPExtremes_p99p0_duration_exceedance_distribution_Halloween_ERA5.nc",3,"extreme_duration_season","NC_FLOAT",3,1,FALSE,TRUE,0,NA,NA,NA,NA,NA,NA,NA,"-9999",NA,NA,NA,NA
"D:/Alliance/FRDR/Curation/2025/1226/files/Data_For_Figures/TPExtremes_p99p0_duration_exceedance_distribution_Halloween_ERA5.nc",4,"extreme_exceedance_all","NC_FLOAT",2,1,FALSE,FALSE,0,NA,NA,NA,NA,NA,NA,NA,"-9999",NA,NA,NA,NA
"D:/Alliance/FRDR/Curation/2025/1226/files/Data_For_Figures/TPExtremes_p99p0_duration_exceedance_distribution_Halloween_ERA5.nc",5,"extreme_exceedance_season","NC_FLOAT",3,1,FALSE,TRUE,0,NA,NA,NA,NA,NA,NA,NA,"-9999",NA,NA,NA,NA
"D:/Alliance/FRDR/Curation/2025/1226/files/Data_For_Figures/TPExtremes_p99p0_duration_exceedance_distribution_Halloween_IMERG.nc",0,"longitude","NC_FLOAT",1,0,TRUE,FALSE,NA,"NULL",NA,NA,NA,NA,NA,NA,NA,NA,NA,NA,NA
"D:/Alliance/FRDR/Curation/2025/1226/files/Data_For_Figures/TPExtremes_p99p0_duration_exceedance_distribution_Halloween_IMERG.nc",1,"latitude","NC_FLOAT",1,0,TRUE,FALSE,NA,"NULL",NA,NA,NA,NA,NA,NA,NA,NA,NA,NA,NA
"D:/Alliance/FRDR/Curation/2025/1226/files/Data_For_Figures/TPExtremes_p99p0_duration_exceedance_distribution_Halloween_IMERG.nc",2,"extreme_duration_all","NC_FLOAT",2,1,FALSE,FALSE,0,NA,NA,NA,NA,NA,NA,NA,"-9999",NA,NA,NA,NA
"D:/Alliance/FRDR/Curation/2025/1226/files/Data_For_Figures/TPExtremes_p99p0_duration_exceedance_distribution_Halloween_IMERG.nc",3,"extreme_duration_season","NC_FLOAT",3,1,FALSE,TRUE,0,NA,NA,NA,NA,NA,NA,NA,"-9999",NA,NA,NA,NA
"D:/Alliance/FRDR/Curation/2025/1226/files/Data_For_Figures/TPExtremes_p99p0_duration_exceedance_distribution_Halloween_IMERG.nc",4,"extreme_exceedance_all","NC_FLOAT",2,1,FALSE,FALSE,0,NA,NA,NA,NA,NA,NA,NA,"-9999",NA,NA,NA,NA
"D:/Alliance/FRDR/Curation/2025/1226/files/Data_For_Figures/TPExtremes_p99p0_duration_exceedance_distribution_Halloween_IMERG.nc",5,"extreme_exceedance_season","NC_FLOAT",3,1,FALSE,TRUE,0,NA,NA,NA,NA,NA,NA,NA,"-9999",NA,NA,NA,NA
"D:/Alliance/FRDR/Curation/2025/1226/files/Data_For_Figures/TPExtremes_p99p0_ETC_association_2001_2020_ERA5.nc",0,"longitude","NC_FLOAT",1,0,TRUE,FALSE,NA,"NULL",NA,NA,NA,NA,NA,NA,NA,NA,NA,NA,NA
"D:/Alliance/FRDR/Curation/2025/1226/files/Data_For_Figures/TPExtremes_p99p0_ETC_association_2001_2020_ERA5.nc",1,"latitude","NC_FLOAT",1,0,TRUE,FALSE,NA,"NULL",NA,NA,NA,NA,NA,NA,NA,NA,NA,NA,NA
"D:/Alliance/FRDR/Curation/2025/1226/files/Data_For_Figures/TPExtremes_p99p0_ETC_association_2001_2020_ERA5.nc",2,"Prob_Extreme_ass_ETC","NC_FLOAT",2,0,FALSE,FALSE,NA,"NULL",NA,NA,NA,NA,NA,NA,NA,NA,NA,NA,NA
"D:/Alliance/FRDR/Curation/2025/1226/files/Data_For_Figures/TPExtremes_p99p0_ETC_association_2001_2020_ERA5.nc",3,"Prob_Extreme_ass_ETC_sea","NC_FLOAT",3,0,FALSE,TRUE,NA,"NULL",NA,NA,NA,NA,NA,NA,NA,NA,NA,NA,NA
"D:/Alliance/FRDR/Curation/2025/1226/files/Data_For_Figures/TPExtremes_p99p0_ETC_association_2001_2020_ERA5.nc",4,"Extreme_cases_sea","NC_FLOAT",3,0,FALSE,TRUE,NA,"NULL",NA,NA,NA,NA,NA,NA,NA,NA,NA,NA,NA
"D:/Alliance/FRDR/Curation/2025/1226/files/Data_For_Figures/TPExtremes_p99p0_ETC_association_2001_2020_ERA5.nc",5,"Extremevalues_total_sea","NC_FLOAT",3,0,FALSE,TRUE,NA,"NULL",NA,NA,NA,NA,NA,NA,NA,NA,NA,NA,NA
"D:/Alliance/FRDR/Curation/2025/1226/files/Data_For_Figures/TPExtremes_p99p0_ETC_association_2001_2020_ERA5.nc",6,"Extremevalues_ETC_sea","NC_FLOAT",3,0,FALSE,TRUE,NA,"NULL",NA,NA,NA,NA,NA,NA,NA,NA,NA,NA,NA
"D:/Alliance/FRDR/Curation/2025/1226/files/Data_For_Figures/TPExtremes_p99p0_ETC_association_2001_2020_IMERG.nc",0,"longitude","NC_FLOAT",1,0,TRUE,FALSE,NA,"NULL",NA,NA,NA,NA,NA,NA,NA,NA,NA,NA,NA
"D:/Alliance/FRDR/Curation/2025/1226/files/Data_For_Figures/TPExtremes_p99p0_ETC_association_2001_2020_IMERG.nc",1,"latitude","NC_FLOAT",1,0,TRUE,FALSE,NA,"NULL",NA,NA,NA,NA,NA,NA,NA,NA,NA,NA,NA
"D:/Alliance/FRDR/Curation/2025/1226/files/Data_For_Figures/TPExtremes_p99p0_ETC_association_2001_2020_IMERG.nc",2,"Prob_Extreme_ass_ETC","NC_FLOAT",2,0,FALSE,FALSE,NA,"NULL",NA,NA,NA,NA,NA,NA,NA,NA,NA,NA,NA
"D:/Alliance/FRDR/Curation/2025/1226/files/Data_For_Figures/TPExtremes_p99p0_ETC_association_2001_2020_IMERG.nc",3,"Prob_Extreme_ass_ETC_sea","NC_FLOAT",3,0,FALSE,TRUE,NA,"NULL",NA,NA,NA,NA,NA,NA,NA,NA,NA,NA,NA
"D:/Alliance/FRDR/Curation/2025/1226/files/Data_For_Figures/TPExtremes_p99p0_ETC_association_2001_2020_IMERG.nc",4,"Extreme_cases_sea","NC_FLOAT",3,0,FALSE,TRUE,NA,"NULL",NA,NA,NA,NA,NA,NA,NA,NA,NA,NA,NA
"D:/Alliance/FRDR/Curation/2025/1226/files/Data_For_Figures/TPExtremes_p99p0_ETC_association_2001_2020_IMERG.nc",5,"Extremevalues_total_sea","NC_FLOAT",3,0,FALSE,TRUE,NA,"NULL",NA,NA,NA,NA,NA,NA,NA,NA,NA,NA,NA
"D:/Alliance/FRDR/Curation/2025/1226/files/Data_For_Figures/TPExtremes_p99p0_ETC_association_2001_2020_IMERG.nc",6,"Extremevalues_ETC_sea","NC_FLOAT",3,0,FALSE,TRUE,NA,"NULL",NA,NA,NA,NA,NA,NA,NA,NA,NA,NA,NA
"D:/Alliance/FRDR/Curation/2025/1226/files/Data_For_Figures/TPp99p0_2001_2020_ERA5.nc",0,"latitude","NC_FLOAT",1,3,TRUE,FALSE,0,NA,NA,NA,NA,NA,NA,"NaN",NA,NA,NA,NA,NA
"D:/Alliance/FRDR/Curation/2025/1226/files/Data_For_Figures/TPp99p0_2001_2020_ERA5.nc",0,"latitude","NC_FLOAT",1,3,TRUE,FALSE,1,NA,"degrees_north",NA,NA,NA,NA,NA,NA,NA,NA,NA,NA
"D:/Alliance/FRDR/Curation/2025/1226/files/Data_For_Figures/TPp99p0_2001_2020_ERA5.nc",0,"latitude","NC_FLOAT",1,3,TRUE,FALSE,2,NA,NA,"latitude",NA,NA,NA,NA,NA,NA,NA,NA,NA
"D:/Alliance/FRDR/Curation/2025/1226/files/Data_For_Figures/TPp99p0_2001_2020_ERA5.nc",1,"longitude","NC_DOUBLE",1,3,TRUE,FALSE,0,NA,NA,NA,NA,NA,NA,"NaN",NA,NA,NA,NA,NA
"D:/Alliance/FRDR/Curation/2025/1226/files/Data_For_Figures/TPp99p0_2001_2020_ERA5.nc",1,"longitude","NC_DOUBLE",1,3,TRUE,FALSE,1,NA,"degrees_east",NA,NA,NA,NA,NA,NA,NA,NA,NA,NA
"D:/Alliance/FRDR/Curation/2025/1226/files/Data_For_Figures/TPp99p0_2001_2020_ERA5.nc",1,"longitude","NC_DOUBLE",1,3,TRUE,FALSE,2,NA,NA,"longitude",NA,NA,NA,NA,NA,NA,NA,NA,NA
"D:/Alliance/FRDR/Curation/2025/1226/files/Data_For_Figures/TPp99p0_2001_2020_ERA5.nc",2,"quantile","NC_DOUBLE",0,1,FALSE,FALSE,0,NA,NA,NA,NA,NA,NA,"NaN",NA,NA,NA,NA,NA
"D:/Alliance/FRDR/Curation/2025/1226/files/Data_For_Figures/TPp99p0_2001_2020_ERA5.nc",3,"p99p0","NC_FLOAT",2,2,FALSE,TRUE,0,NA,NA,NA,NA,NA,NA,"NaN",NA,NA,NA,NA,NA
"D:/Alliance/FRDR/Curation/2025/1226/files/Data_For_Figures/TPp99p0_2001_2020_ERA5.nc",3,"p99p0","NC_FLOAT",2,2,FALSE,TRUE,1,NA,NA,NA,NA,NA,NA,NA,NA,NA,NA,"quantile",NA
"D:/Alliance/FRDR/Curation/2025/1226/files/Data_For_Figures/TPp99p0_2001_2020_IMERG.nc",0,"longitude","NC_DOUBLE",1,1,TRUE,FALSE,0,NA,NA,NA,NA,NA,NA,"NaN",NA,NA,NA,NA,NA
"D:/Alliance/FRDR/Curation/2025/1226/files/Data_For_Figures/TPp99p0_2001_2020_IMERG.nc",1,"latitude","NC_FLOAT",1,1,TRUE,FALSE,0,NA,NA,NA,NA,NA,NA,"NaN",NA,NA,NA,NA,NA
"D:/Alliance/FRDR/Curation/2025/1226/files/Data_For_Figures/TPp99p0_2001_2020_IMERG.nc",2,"quantile","NC_DOUBLE",0,1,FALSE,FALSE,0,NA,NA,NA,NA,NA,NA,"NaN",NA,NA,NA,NA,NA
"D:/Alliance/FRDR/Curation/2025/1226/files/Data_For_Figures/TPp99p0_2001_2020_IMERG.nc",3,"p99p0","NC_FLOAT",2,2,FALSE,TRUE,0,NA,NA,NA,NA,NA,NA,"NaN",NA,NA,NA,NA,NA
"D:/Alliance/FRDR/Curation/2025/1226/files/Data_For_Figures/TPp99p0_2001_2020_IMERG.nc",3,"p99p0","NC_FLOAT",2,2,FALSE,TRUE,1,NA,NA,NA,NA,NA,NA,NA,NA,NA,NA,"quantile",NA
"D:/Alliance/FRDR/Curation/2025/1226/files/Data_For_Figures/TPp99p0_2001_2020_IMERG025grid.nc",0,"lon","NC_DOUBLE",1,5,TRUE,FALSE,0,NA,NA,NA,NA,NA,NA,"NaN",NA,NA,NA,NA,NA
"D:/Alliance/FRDR/Curation/2025/1226/files/Data_For_Figures/TPp99p0_2001_2020_IMERG025grid.nc",0,"lon","NC_DOUBLE",1,5,TRUE,FALSE,1,NA,NA,NA,NA,NA,NA,NA,NA,"longitude",NA,NA,NA
"D:/Alliance/FRDR/Curation/2025/1226/files/Data_For_Figures/TPp99p0_2001_2020_IMERG025grid.nc",0,"lon","NC_DOUBLE",1,5,TRUE,FALSE,2,NA,NA,"longitude",NA,NA,NA,NA,NA,NA,NA,NA,NA
"D:/Alliance/FRDR/Curation/2025/1226/files/Data_For_Figures/TPp99p0_2001_2020_IMERG025grid.nc",0,"lon","NC_DOUBLE",1,5,TRUE,FALSE,3,NA,"degrees_east",NA,NA,NA,NA,NA,NA,NA,NA,NA,NA
"D:/Alliance/FRDR/Curation/2025/1226/files/Data_For_Figures/TPp99p0_2001_2020_IMERG025grid.nc",0,"lon","NC_DOUBLE",1,5,TRUE,FALSE,4,NA,NA,NA,NA,NA,NA,NA,NA,NA,NA,NA,"X"
"D:/Alliance/FRDR/Curation/2025/1226/files/Data_For_Figures/TPp99p0_2001_2020_IMERG025grid.nc",1,"lat","NC_DOUBLE",1,5,TRUE,FALSE,0,NA,NA,NA,NA,NA,NA,"NaN",NA,NA,NA,NA,NA
"D:/Alliance/FRDR/Curation/2025/1226/files/Data_For_Figures/TPp99p0_2001_2020_IMERG025grid.nc",1,"lat","NC_DOUBLE",1,5,TRUE,FALSE,1,NA,NA,NA,NA,NA,NA,NA,NA,"latitude",NA,NA,NA
"D:/Alliance/FRDR/Curation/2025/1226/files/Data_For_Figures/TPp99p0_2001_2020_IMERG025grid.nc",1,"lat","NC_DOUBLE",1,5,TRUE,FALSE,2,NA,NA,"latitude",NA,NA,NA,NA,NA,NA,NA,NA,NA
"D:/Alliance/FRDR/Curation/2025/1226/files/Data_For_Figures/TPp99p0_2001_2020_IMERG025grid.nc",1,"lat","NC_DOUBLE",1,5,TRUE,FALSE,3,NA,"degrees_north",NA,NA,NA,NA,NA,NA,NA,NA,NA,NA
"D:/Alliance/FRDR/Curation/2025/1226/files/Data_For_Figures/TPp99p0_2001_2020_IMERG025grid.nc",1,"lat","NC_DOUBLE",1,5,TRUE,FALSE,4,NA,NA,NA,NA,NA,NA,NA,NA,NA,NA,NA,"Y"
"D:/Alliance/FRDR/Curation/2025/1226/files/Data_For_Figures/TPp99p0_2001_2020_IMERG025grid.nc",2,"quantile","NC_DOUBLE",0,1,FALSE,FALSE,0,NA,NA,NA,NA,NA,NA,"NaN",NA,NA,NA,NA,NA
"D:/Alliance/FRDR/Curation/2025/1226/files/Data_For_Figures/TPp99p0_2001_2020_IMERG025grid.nc",3,"p99p0","NC_FLOAT",2,2,FALSE,TRUE,0,NA,NA,NA,NA,NA,NA,"NaN",NA,NA,NA,NA,NA
"D:/Alliance/FRDR/Curation/2025/1226/files/Data_For_Figures/TPp99p0_2001_2020_IMERG025grid.nc",3,"p99p0","NC_FLOAT",2,2,FALSE,TRUE,1,NA,NA,NA,NA,NA,NA,NA,NA,NA,NA,"quantile",NA
"D:/Alliance/FRDR/Curation/2025/1226/files/Data_For_Figures/WSExtremes_p99p0_duration_exceedance_distribution_Halloween_ERA5.nc",0,"longitude","NC_FLOAT",1,0,TRUE,FALSE,NA,"NULL",NA,NA,NA,NA,NA,NA,NA,NA,NA,NA,NA
"D:/Alliance/FRDR/Curation/2025/1226/files/Data_For_Figures/WSExtremes_p99p0_duration_exceedance_distribution_Halloween_ERA5.nc",1,"latitude","NC_FLOAT",1,0,TRUE,FALSE,NA,"NULL",NA,NA,NA,NA,NA,NA,NA,NA,NA,NA,NA
"D:/Alliance/FRDR/Curation/2025/1226/files/Data_For_Figures/WSExtremes_p99p0_duration_exceedance_distribution_Halloween_ERA5.nc",2,"extreme_duration_all","NC_FLOAT",2,1,FALSE,FALSE,0,NA,NA,NA,NA,NA,NA,NA,"-9999",NA,NA,NA,NA
"D:/Alliance/FRDR/Curation/2025/1226/files/Data_For_Figures/WSExtremes_p99p0_duration_exceedance_distribution_Halloween_ERA5.nc",3,"extreme_duration_season","NC_FLOAT",3,1,FALSE,TRUE,0,NA,NA,NA,NA,NA,NA,NA,"-9999",NA,NA,NA,NA
"D:/Alliance/FRDR/Curation/2025/1226/files/Data_For_Figures/WSExtremes_p99p0_duration_exceedance_distribution_Halloween_ERA5.nc",4,"extreme_exceedance_all","NC_FLOAT",2,1,FALSE,FALSE,0,NA,NA,NA,NA,NA,NA,NA,"-9999",NA,NA,NA,NA
"D:/Alliance/FRDR/Curation/2025/1226/files/Data_For_Figures/WSExtremes_p99p0_duration_exceedance_distribution_Halloween_ERA5.nc",5,"extreme_exceedance_season","NC_FLOAT",3,1,FALSE,TRUE,0,NA,NA,NA,NA,NA,NA,NA,"-9999",NA,NA,NA,NA
"D:/Alliance/FRDR/Curation/2025/1226/files/Data_For_Figures/WSExtremes_p99p0_ETC_association_2001_2020_ERA5.nc",0,"longitude","NC_FLOAT",1,0,TRUE,FALSE,NA,"NULL",NA,NA,NA,NA,NA,NA,NA,NA,NA,NA,NA
"D:/Alliance/FRDR/Curation/2025/1226/files/Data_For_Figures/WSExtremes_p99p0_ETC_association_2001_2020_ERA5.nc",1,"latitude","NC_FLOAT",1,0,TRUE,FALSE,NA,"NULL",NA,NA,NA,NA,NA,NA,NA,NA,NA,NA,NA
"D:/Alliance/FRDR/Curation/2025/1226/files/Data_For_Figures/WSExtremes_p99p0_ETC_association_2001_2020_ERA5.nc",2,"Prob_Extreme_ass_ETC","NC_FLOAT",2,0,FALSE,FALSE,NA,"NULL",NA,NA,NA,NA,NA,NA,NA,NA,NA,NA,NA
"D:/Alliance/FRDR/Curation/2025/1226/files/Data_For_Figures/WSExtremes_p99p0_ETC_association_2001_2020_ERA5.nc",3,"Prob_Extreme_ass_ETC_sea","NC_FLOAT",3,0,FALSE,TRUE,NA,"NULL",NA,NA,NA,NA,NA,NA,NA,NA,NA,NA,NA
"D:/Alliance/FRDR/Curation/2025/1226/files/Data_For_Figures/WSExtremes_p99p0_ETC_association_2001_2020_ERA5.nc",4,"Extreme_cases_sea","NC_FLOAT",3,0,FALSE,TRUE,NA,"NULL",NA,NA,NA,NA,NA,NA,NA,NA,NA,NA,NA
"D:/Alliance/FRDR/Curation/2025/1226/files/Data_For_Figures/WSExtremes_p99p0_ETC_association_2001_2020_ERA5.nc",5,"Extremevalues_total_sea","NC_FLOAT",3,0,FALSE,TRUE,NA,"NULL",NA,NA,NA,NA,NA,NA,NA,NA,NA,NA,NA
"D:/Alliance/FRDR/Curation/2025/1226/files/Data_For_Figures/WSExtremes_p99p0_ETC_association_2001_2020_ERA5.nc",6,"Extremevalues_ETC_sea","NC_FLOAT",3,0,FALSE,TRUE,NA,"NULL",NA,NA,NA,NA,NA,NA,NA,NA,NA,NA,NA
"D:/Alliance/FRDR/Curation/2025/1226/files/Data_For_Figures/WSp99p0_2001_2020_ERA5.nc",0,"latitude","NC_FLOAT",1,3,TRUE,FALSE,0,NA,NA,NA,NA,NA,NA,"NaN",NA,NA,NA,NA,NA
"D:/Alliance/FRDR/Curation/2025/1226/files/Data_For_Figures/WSp99p0_2001_2020_ERA5.nc",0,"latitude","NC_FLOAT",1,3,TRUE,FALSE,1,NA,"degrees_north",NA,NA,NA,NA,NA,NA,NA,NA,NA,NA
"D:/Alliance/FRDR/Curation/2025/1226/files/Data_For_Figures/WSp99p0_2001_2020_ERA5.nc",0,"latitude","NC_FLOAT",1,3,TRUE,FALSE,2,NA,NA,"latitude",NA,NA,NA,NA,NA,NA,NA,NA,NA
"D:/Alliance/FRDR/Curation/2025/1226/files/Data_For_Figures/WSp99p0_2001_2020_ERA5.nc",1,"longitude","NC_DOUBLE",1,3,TRUE,FALSE,0,NA,NA,NA,NA,NA,NA,"NaN",NA,NA,NA,NA,NA
"D:/Alliance/FRDR/Curation/2025/1226/files/Data_For_Figures/WSp99p0_2001_2020_ERA5.nc",1,"longitude","NC_DOUBLE",1,3,TRUE,FALSE,1,NA,"degrees_east",NA,NA,NA,NA,NA,NA,NA,NA,NA,NA
"D:/Alliance/FRDR/Curation/2025/1226/files/Data_For_Figures/WSp99p0_2001_2020_ERA5.nc",1,"longitude","NC_DOUBLE",1,3,TRUE,FALSE,2,NA,NA,"longitude",NA,NA,NA,NA,NA,NA,NA,NA,NA
"D:/Alliance/FRDR/Curation/2025/1226/files/Data_For_Figures/WSp99p0_2001_2020_ERA5.nc",2,"quantile","NC_DOUBLE",0,1,FALSE,FALSE,0,NA,NA,NA,NA,NA,NA,"NaN",NA,NA,NA,NA,NA
"D:/Alliance/FRDR/Curation/2025/1226/files/Data_For_Figures/WSp99p0_2001_2020_ERA5.nc",3,"p99p0","NC_FLOAT",2,2,FALSE,TRUE,0,NA,NA,NA,NA,NA,NA,"NaN",NA,NA,NA,NA,NA
"D:/Alliance/FRDR/Curation/2025/1226/files/Data_For_Figures/WSp99p0_2001_2020_ERA5.nc",3,"p99p0","NC_FLOAT",2,2,FALSE,TRUE,1,NA,NA,NA,NA,NA,NA,NA,NA,NA,NA,"quantile",NA
