"format","width","height","colorspace","matte","filesize","density","SourceFile"
"TIFF",5316,3764,"Gray",FALSE,43132520,"72x72","D://Alliance/FRDR/Curation/2025/1352/files/Reconstructions/AuaC_cubic_corr1_R_01_recipe002_summary.tif"
"TIFF",5316,3764,"Gray",FALSE,47599380,"72x72","D://Alliance/FRDR/Curation/2025/1352/files/Reconstructions/AuaC_cubic_corr1_R_01_recipe003_summary.tif"
"TIFF",5316,3764,"Gray",FALSE,47098575,"72x72","D://Alliance/FRDR/Curation/2025/1352/files/Reconstructions/AuaC_cubic_corr1_R_01_recipe004_summary.tif"
"TIFF",5316,3764,"Gray",FALSE,47036065,"72x72","D://Alliance/FRDR/Curation/2025/1352/files/Reconstructions/AuaC_cubic_corr1_R_01_recipe005_summary.tif"
"TIFF",5316,3764,"Gray",FALSE,46918931,"72x72","D://Alliance/FRDR/Curation/2025/1352/files/Reconstructions/AuaC_cubic_corr1_R_01_recipe006_summary.tif"
"TIFF",6792,4712,"Gray",FALSE,68577769,"72x72","D://Alliance/FRDR/Curation/2025/1352/files/Reconstructions/AuaC_cubic_corr1_setA_R_01_recipe002_summary.tif"
"TIFF",6792,4712,"Gray",FALSE,74183465,"72x72","D://Alliance/FRDR/Curation/2025/1352/files/Reconstructions/AuaC_cubic_corr1_setA_R_01_recipe003_summary.tif"
"TIFF",6792,4712,"Gray",FALSE,73614978,"72x72","D://Alliance/FRDR/Curation/2025/1352/files/Reconstructions/AuaC_cubic_corr1_setA_R_01_recipe004_summary.tif"
"TIFF",6790,4694,"Gray",FALSE,68567785,"72x72","D://Alliance/FRDR/Curation/2025/1352/files/Reconstructions/AuaC_cubic_corr1_setB_R_01_recipe002_summary.tif"
"TIFF",6790,4694,"Gray",FALSE,74318511,"72x72","D://Alliance/FRDR/Curation/2025/1352/files/Reconstructions/AuaC_cubic_corr1_setB_R_01_recipe003_summary.tif"
"TIFF",6790,4694,"Gray",FALSE,73431296,"72x72","D://Alliance/FRDR/Curation/2025/1352/files/Reconstructions/AuaC_cubic_corr1_setB_R_01_recipe004_summary.tif"
"TIFF",5486,3934,"Gray",FALSE,46128780,"72x72","D://Alliance/FRDR/Curation/2025/1352/files/Reconstructions/AuaC_second_corr_R_01_recipe002_summary.tif"
"TIFF",5486,3934,"Gray",FALSE,50175088,"72x72","D://Alliance/FRDR/Curation/2025/1352/files/Reconstructions/AuaC_second_corr_R_01_recipe003_summary.tif"
"TIFF",5486,3934,"Gray",FALSE,50074647,"72x72","D://Alliance/FRDR/Curation/2025/1352/files/Reconstructions/AuaC_second_corr_R_01_recipe004_summary.tif"
"TIFF",5486,3934,"Gray",FALSE,50098303,"72x72","D://Alliance/FRDR/Curation/2025/1352/files/Reconstructions/AuaC_second_corr_R_01_recipe005_summary.tif"
"TIFF",5486,3934,"Gray",FALSE,50159467,"72x72","D://Alliance/FRDR/Curation/2025/1352/files/Reconstructions/AuaC_second_corr_R_01_recipe006_summary.tif"
"TIFF",5486,3934,"Gray",FALSE,48228532,"72x72","D://Alliance/FRDR/Curation/2025/1352/files/Reconstructions/AuaC_second_corr_R_01_recipe017_summary.tif"
"TIFF",5486,3934,"Gray",FALSE,51374810,"72x72","D://Alliance/FRDR/Curation/2025/1352/files/Reconstructions/AuaC_second_corr_R_01_recipe018_summary.tif"
"TIFF",5486,3934,"Gray",FALSE,50894889,"72x72","D://Alliance/FRDR/Curation/2025/1352/files/Reconstructions/AuaC_second_corr_R_01_recipe019_summary.tif"
"TIFF",5486,3934,"Gray",FALSE,51005105,"72x72","D://Alliance/FRDR/Curation/2025/1352/files/Reconstructions/AuaC_second_corr_R_01_recipe020_summary.tif"
"TIFF",5486,3934,"Gray",FALSE,50971789,"72x72","D://Alliance/FRDR/Curation/2025/1352/files/Reconstructions/AuaC_second_corr_R_01_recipe021_summary.tif"
"TIFF",5486,3934,"Gray",FALSE,46122552,"72x72","D://Alliance/FRDR/Curation/2025/1352/files/Reconstructions/AuaC_second_corr_R_01_recipe062_summary.tif"
"TIFF",5486,3934,"Gray",FALSE,50414650,"72x72","D://Alliance/FRDR/Curation/2025/1352/files/Reconstructions/AuaC_second_corr_R_01_recipe063_summary.tif"
"TIFF",5486,3934,"Gray",FALSE,50191865,"72x72","D://Alliance/FRDR/Curation/2025/1352/files/Reconstructions/AuaC_second_corr_R_01_recipe064_summary.tif"
"TIFF",5486,3934,"Gray",FALSE,50218791,"72x72","D://Alliance/FRDR/Curation/2025/1352/files/Reconstructions/AuaC_second_corr_R_01_recipe065_summary.tif"
"TIFF",5486,3934,"Gray",FALSE,50269149,"72x72","D://Alliance/FRDR/Curation/2025/1352/files/Reconstructions/AuaC_second_corr_R_01_recipe066_summary.tif"
"TIFF",5486,3934,"Gray",FALSE,48131658,"72x72","D://Alliance/FRDR/Curation/2025/1352/files/Reconstructions/AuaC_second_corr_R_01_recipe068_summary.tif"
"TIFF",5486,3934,"Gray",FALSE,51354116,"72x72","D://Alliance/FRDR/Curation/2025/1352/files/Reconstructions/AuaC_second_corr_R_01_recipe069_summary.tif"
"TIFF",5486,3934,"Gray",FALSE,50744715,"72x72","D://Alliance/FRDR/Curation/2025/1352/files/Reconstructions/AuaC_second_corr_R_01_recipe070_summary.tif"
"TIFF",5486,3934,"Gray",FALSE,50877169,"72x72","D://Alliance/FRDR/Curation/2025/1352/files/Reconstructions/AuaC_second_corr_R_01_recipe071_summary.tif"
"TIFF",5486,3934,"Gray",FALSE,50881197,"72x72","D://Alliance/FRDR/Curation/2025/1352/files/Reconstructions/AuaC_second_corr_R_01_recipe072_summary.tif"
"TIFF",7010,4926,"Gray",FALSE,73986111,"72x72","D://Alliance/FRDR/Curation/2025/1352/files/Reconstructions/AuaC_second_corr_setA_R_01_recipe002_summary.tif"
"TIFF",7010,4926,"Gray",FALSE,80323193,"72x72","D://Alliance/FRDR/Curation/2025/1352/files/Reconstructions/AuaC_second_corr_setA_R_01_recipe003_summary.tif"
"TIFF",7010,4926,"Gray",FALSE,78555268,"72x72","D://Alliance/FRDR/Curation/2025/1352/files/Reconstructions/AuaC_second_corr_setA_R_01_recipe004_summary.tif"
"TIFF",7010,4926,"Gray",FALSE,76694161,"72x72","D://Alliance/FRDR/Curation/2025/1352/files/Reconstructions/AuaC_second_corr_setA_R_01_recipe017_summary.tif"
"TIFF",7010,4926,"Gray",FALSE,81512973,"72x72","D://Alliance/FRDR/Curation/2025/1352/files/Reconstructions/AuaC_second_corr_setA_R_01_recipe018_summary.tif"
"TIFF",7010,4926,"Gray",FALSE,79571608,"72x72","D://Alliance/FRDR/Curation/2025/1352/files/Reconstructions/AuaC_second_corr_setA_R_01_recipe019_summary.tif"
"TIFF",7010,4926,"Gray",FALSE,73975415,"72x72","D://Alliance/FRDR/Curation/2025/1352/files/Reconstructions/AuaC_second_corr_setA_R_01_recipe062_summary.tif"
"TIFF",7010,4926,"Gray",FALSE,79842295,"72x72","D://Alliance/FRDR/Curation/2025/1352/files/Reconstructions/AuaC_second_corr_setA_R_01_recipe063_summary.tif"
"TIFF",7010,4926,"Gray",FALSE,78668746,"72x72","D://Alliance/FRDR/Curation/2025/1352/files/Reconstructions/AuaC_second_corr_setA_R_01_recipe064_summary.tif"
"TIFF",7010,4926,"Gray",FALSE,76603931,"72x72","D://Alliance/FRDR/Curation/2025/1352/files/Reconstructions/AuaC_second_corr_setA_R_01_recipe068_summary.tif"
"TIFF",7010,4926,"Gray",FALSE,81125817,"72x72","D://Alliance/FRDR/Curation/2025/1352/files/Reconstructions/AuaC_second_corr_setA_R_01_recipe069_summary.tif"
"TIFF",7010,4926,"Gray",FALSE,79436586,"72x72","D://Alliance/FRDR/Curation/2025/1352/files/Reconstructions/AuaC_second_corr_setA_R_01_recipe070_summary.tif"
"TIFF",7008,4910,"Gray",FALSE,73791875,"72x72","D://Alliance/FRDR/Curation/2025/1352/files/Reconstructions/AuaC_second_corr_setB_R_01_recipe002_summary.tif"
"TIFF",7008,4910,"Gray",FALSE,79166731,"72x72","D://Alliance/FRDR/Curation/2025/1352/files/Reconstructions/AuaC_second_corr_setB_R_01_recipe003_summary.tif"
"TIFF",7008,4910,"Gray",FALSE,78517434,"72x72","D://Alliance/FRDR/Curation/2025/1352/files/Reconstructions/AuaC_second_corr_setB_R_01_recipe004_summary.tif"
"TIFF",7008,4910,"Gray",FALSE,76393689,"72x72","D://Alliance/FRDR/Curation/2025/1352/files/Reconstructions/AuaC_second_corr_setB_R_01_recipe017_summary.tif"
"TIFF",7008,4910,"Gray",FALSE,81471269,"72x72","D://Alliance/FRDR/Curation/2025/1352/files/Reconstructions/AuaC_second_corr_setB_R_01_recipe018_summary.tif"
"TIFF",7008,4910,"Gray",FALSE,79344676,"72x72","D://Alliance/FRDR/Curation/2025/1352/files/Reconstructions/AuaC_second_corr_setB_R_01_recipe019_summary.tif"
"TIFF",7008,4910,"Gray",FALSE,73689887,"72x72","D://Alliance/FRDR/Curation/2025/1352/files/Reconstructions/AuaC_second_corr_setB_R_01_recipe062_summary.tif"
"TIFF",7008,4910,"Gray",FALSE,79718009,"72x72","D://Alliance/FRDR/Curation/2025/1352/files/Reconstructions/AuaC_second_corr_setB_R_01_recipe063_summary.tif"
"TIFF",7008,4910,"Gray",FALSE,78485022,"72x72","D://Alliance/FRDR/Curation/2025/1352/files/Reconstructions/AuaC_second_corr_setB_R_01_recipe064_summary.tif"
"TIFF",7008,4910,"Gray",FALSE,76519097,"72x72","D://Alliance/FRDR/Curation/2025/1352/files/Reconstructions/AuaC_second_corr_setB_R_01_recipe068_summary.tif"
"TIFF",7008,4910,"Gray",FALSE,81275901,"72x72","D://Alliance/FRDR/Curation/2025/1352/files/Reconstructions/AuaC_second_corr_setB_R_01_recipe069_summary.tif"
"TIFF",7008,4910,"Gray",FALSE,79544784,"72x72","D://Alliance/FRDR/Curation/2025/1352/files/Reconstructions/AuaC_second_corr_setB_R_01_recipe070_summary.tif"
"TIFF",5520,3970,"Gray",FALSE,46644709,"72x72","D://Alliance/FRDR/Curation/2025/1352/files/Reconstructions/AuaC_uncorr_R_01_recipe002_summary.tif"
"TIFF",5520,3970,"Gray",FALSE,51479167,"72x72","D://Alliance/FRDR/Curation/2025/1352/files/Reconstructions/AuaC_uncorr_R_01_recipe003_summary.tif"
"TIFF",5520,3970,"Gray",FALSE,51084354,"72x72","D://Alliance/FRDR/Curation/2025/1352/files/Reconstructions/AuaC_uncorr_R_01_recipe004_summary.tif"
"TIFF",5520,3970,"Gray",FALSE,50871048,"72x72","D://Alliance/FRDR/Curation/2025/1352/files/Reconstructions/AuaC_uncorr_R_01_recipe005_summary.tif"
"TIFF",5520,3970,"Gray",FALSE,50990130,"72x72","D://Alliance/FRDR/Curation/2025/1352/files/Reconstructions/AuaC_uncorr_R_01_recipe006_summary.tif"
"TIFF",7052,4970,"Gray",FALSE,74656214,"72x72","D://Alliance/FRDR/Curation/2025/1352/files/Reconstructions/AuaC_uncorr_setA_R_01_recipe002_summary.tif"
"TIFF",7052,4970,"Gray",FALSE,81263448,"72x72","D://Alliance/FRDR/Curation/2025/1352/files/Reconstructions/AuaC_uncorr_setA_R_01_recipe003_summary.tif"
"TIFF",7052,4970,"Gray",FALSE,80041663,"72x72","D://Alliance/FRDR/Curation/2025/1352/files/Reconstructions/AuaC_uncorr_setA_R_01_recipe004_summary.tif"
"TIFF",7052,4954,"Gray",FALSE,74314868,"72x72","D://Alliance/FRDR/Curation/2025/1352/files/Reconstructions/AuaC_uncorr_setB_R_01_recipe002_summary.tif"
"TIFF",7052,4954,"Gray",FALSE,80917530,"72x72","D://Alliance/FRDR/Curation/2025/1352/files/Reconstructions/AuaC_uncorr_setB_R_01_recipe003_summary.tif"
"TIFF",7052,4954,"Gray",FALSE,79798461,"72x72","D://Alliance/FRDR/Curation/2025/1352/files/Reconstructions/AuaC_uncorr_setB_R_01_recipe004_summary.tif"
"TIFF",6532,4472,"Gray",FALSE,68048442,"72x72","D://Alliance/FRDR/Curation/2025/1352/files/Reconstructions/MoS2_Au_model_R_01_recipe074_summary.tif"
"TIFF",6532,4472,"Gray",FALSE,70028418,"72x72","D://Alliance/FRDR/Curation/2025/1352/files/Reconstructions/MoS2_Au_model_R_01_recipe075_summary.tif"
"TIFF",6532,4472,"Gray",FALSE,70331619,"72x72","D://Alliance/FRDR/Curation/2025/1352/files/Reconstructions/MoS2_Au_model_R_01_recipe076_summary.tif"
"TIFF",6532,4472,"Gray",FALSE,71168433,"72x72","D://Alliance/FRDR/Curation/2025/1352/files/Reconstructions/MoS2_Au_model_R_01_recipe077_summary.tif"
"TIFF",6532,4472,"Gray",FALSE,71776923,"72x72","D://Alliance/FRDR/Curation/2025/1352/files/Reconstructions/MoS2_Au_model_R_01_recipe078_summary.tif"
"TIFF",6532,4472,"Gray",FALSE,71917421,"72x72","D://Alliance/FRDR/Curation/2025/1352/files/Reconstructions/MoS2_Au_model_R_01_recipe079_summary.tif"
"TIFF",7866,5548,"Gray",FALSE,91028136,"72x72","D://Alliance/FRDR/Curation/2025/1352/files/Reconstructions/MoS2_corrected_R_01_recipe008_summary.tif"
"TIFF",7866,5548,"Gray",FALSE,98769390,"72x72","D://Alliance/FRDR/Curation/2025/1352/files/Reconstructions/MoS2_corrected_R_01_recipe009_summary.tif"
"TIFF",7866,5548,"Gray",FALSE,98933573,"72x72","D://Alliance/FRDR/Curation/2025/1352/files/Reconstructions/MoS2_corrected_R_01_recipe010_summary.tif"
"TIFF",7866,5548,"Gray",FALSE,99554965,"72x72","D://Alliance/FRDR/Curation/2025/1352/files/Reconstructions/MoS2_corrected_R_01_recipe011_summary.tif"
"TIFF",7866,5548,"Gray",FALSE,99542563,"72x72","D://Alliance/FRDR/Curation/2025/1352/files/Reconstructions/MoS2_corrected_R_01_recipe012_summary.tif"
"TIFF",7866,5548,"Gray",FALSE,99436007,"72x72","D://Alliance/FRDR/Curation/2025/1352/files/Reconstructions/MoS2_corrected_R_01_recipe013_summary.tif"
"TIFF",7866,5548,"Gray",FALSE,99465213,"72x72","D://Alliance/FRDR/Curation/2025/1352/files/Reconstructions/MoS2_corrected_R_01_recipe014_summary.tif"
"TIFF",7866,5548,"Gray",FALSE,99532151,"72x72","D://Alliance/FRDR/Curation/2025/1352/files/Reconstructions/MoS2_corrected_R_01_recipe015_summary.tif"
"TIFF",4780,3244,"Gray",FALSE,35243953,"72x72","D://Alliance/FRDR/Curation/2025/1352/files/Reconstructions/synth_aCconds_10m_R_01_recipe050_summary.tif"
"TIFF",4780,3244,"Gray",FALSE,37187167,"72x72","D://Alliance/FRDR/Curation/2025/1352/files/Reconstructions/synth_aCconds_10m_R_01_recipe051_summary.tif"
"TIFF",4780,3244,"Gray",FALSE,37207287,"72x72","D://Alliance/FRDR/Curation/2025/1352/files/Reconstructions/synth_aCconds_10m_R_01_recipe052_summary.tif"
"TIFF",4780,3244,"Gray",FALSE,37207837,"72x72","D://Alliance/FRDR/Curation/2025/1352/files/Reconstructions/synth_aCconds_10m_R_01_recipe053_summary.tif"
"TIFF",4780,3244,"Gray",FALSE,37251113,"72x72","D://Alliance/FRDR/Curation/2025/1352/files/Reconstructions/synth_aCconds_10m_R_01_recipe054_summary.tif"
"TIFF",4780,3242,"Gray",FALSE,35157065,"72x72","D://Alliance/FRDR/Curation/2025/1352/files/Reconstructions/synth_aCconds_15m_R_01_recipe044_summary.tif"
"TIFF",4780,3242,"Gray",FALSE,37331787,"72x72","D://Alliance/FRDR/Curation/2025/1352/files/Reconstructions/synth_aCconds_15m_R_01_recipe045_summary.tif"
"TIFF",4780,3242,"Gray",FALSE,37464913,"72x72","D://Alliance/FRDR/Curation/2025/1352/files/Reconstructions/synth_aCconds_15m_R_01_recipe046_summary.tif"
"TIFF",4780,3242,"Gray",FALSE,37435401,"72x72","D://Alliance/FRDR/Curation/2025/1352/files/Reconstructions/synth_aCconds_15m_R_01_recipe047_summary.tif"
"TIFF",4780,3242,"Gray",FALSE,37453639,"72x72","D://Alliance/FRDR/Curation/2025/1352/files/Reconstructions/synth_aCconds_15m_R_01_recipe048_summary.tif"
"TIFF",4780,3244,"Gray",FALSE,35508166,"72x72","D://Alliance/FRDR/Curation/2025/1352/files/Reconstructions/synth_aCconds_5m_R_01_recipe056_summary.tif"
"TIFF",4780,3244,"Gray",FALSE,37158136,"72x72","D://Alliance/FRDR/Curation/2025/1352/files/Reconstructions/synth_aCconds_5m_R_01_recipe057_summary.tif"
"TIFF",4780,3244,"Gray",FALSE,37190688,"72x72","D://Alliance/FRDR/Curation/2025/1352/files/Reconstructions/synth_aCconds_5m_R_01_recipe058_summary.tif"
"TIFF",4780,3244,"Gray",FALSE,37179516,"72x72","D://Alliance/FRDR/Curation/2025/1352/files/Reconstructions/synth_aCconds_5m_R_01_recipe059_summary.tif"
"TIFF",4780,3244,"Gray",FALSE,37243792,"72x72","D://Alliance/FRDR/Curation/2025/1352/files/Reconstructions/synth_aCconds_5m_R_01_recipe060_summary.tif"
"TIFF",2472,1706,"Gray",FALSE,10110128,"72x72","D://Alliance/FRDR/Curation/2025/1352/files/Reconstructions/synth_demo01_R_01_recipe023_summary.tif"
"TIFF",6368,4318,"Gray",FALSE,63935023,"72x72","D://Alliance/FRDR/Curation/2025/1352/files/Reconstructions/synth_MoS2conds_10m_R_01_recipe032_summary.tif"
"TIFF",6368,4318,"Gray",FALSE,64451677,"72x72","D://Alliance/FRDR/Curation/2025/1352/files/Reconstructions/synth_MoS2conds_10m_R_01_recipe033_summary.tif"
"TIFF",6368,4318,"Gray",FALSE,64562401,"72x72","D://Alliance/FRDR/Curation/2025/1352/files/Reconstructions/synth_MoS2conds_10m_R_01_recipe034_summary.tif"
"TIFF",6368,4318,"Gray",FALSE,64533127,"72x72","D://Alliance/FRDR/Curation/2025/1352/files/Reconstructions/synth_MoS2conds_10m_R_01_recipe035_summary.tif"
"TIFF",6368,4318,"Gray",FALSE,64657811,"72x72","D://Alliance/FRDR/Curation/2025/1352/files/Reconstructions/synth_MoS2conds_10m_R_01_recipe036_summary.tif"
"TIFF",6370,4320,"Gray",FALSE,62872855,"72x72","D://Alliance/FRDR/Curation/2025/1352/files/Reconstructions/synth_MoS2conds_20m_R_01_recipe026_summary.tif"
"TIFF",6370,4320,"Gray",FALSE,64848845,"72x72","D://Alliance/FRDR/Curation/2025/1352/files/Reconstructions/synth_MoS2conds_20m_R_01_recipe027_summary.tif"
"TIFF",6370,4320,"Gray",FALSE,65018099,"72x72","D://Alliance/FRDR/Curation/2025/1352/files/Reconstructions/synth_MoS2conds_20m_R_01_recipe028_summary.tif"
"TIFF",6370,4320,"Gray",FALSE,65049535,"72x72","D://Alliance/FRDR/Curation/2025/1352/files/Reconstructions/synth_MoS2conds_20m_R_01_recipe029_summary.tif"
"TIFF",6370,4320,"Gray",FALSE,65103949,"72x72","D://Alliance/FRDR/Curation/2025/1352/files/Reconstructions/synth_MoS2conds_20m_R_01_recipe030_summary.tif"
"TIFF",6368,4316,"Gray",FALSE,64750270,"72x72","D://Alliance/FRDR/Curation/2025/1352/files/Reconstructions/synth_MoS2conds_5m_R_01_recipe038_summary.tif"
"TIFF",6368,4316,"Gray",FALSE,64902948,"72x72","D://Alliance/FRDR/Curation/2025/1352/files/Reconstructions/synth_MoS2conds_5m_R_01_recipe039_summary.tif"
"TIFF",6368,4316,"Gray",FALSE,64943686,"72x72","D://Alliance/FRDR/Curation/2025/1352/files/Reconstructions/synth_MoS2conds_5m_R_01_recipe040_summary.tif"
"TIFF",6368,4316,"Gray",FALSE,64988258,"72x72","D://Alliance/FRDR/Curation/2025/1352/files/Reconstructions/synth_MoS2conds_5m_R_01_recipe041_summary.tif"
"TIFF",6368,4316,"Gray",FALSE,64983586,"72x72","D://Alliance/FRDR/Curation/2025/1352/files/Reconstructions/synth_MoS2conds_5m_R_01_recipe042_summary.tif"
