"SourceFile","ExifToolVersion","FileName","Directory","FileSize","FileModifyDate","FileAccessDate","FileCreateDate","FilePermissions","FileType","FileTypeExtension","MIMEType","ExifByteOrder","ImageWidth","ImageHeight","BitsPerSample","Compression","PhotometricInterpretation","ImageDescription","StripOffsets","SamplesPerPixel","RowsPerStrip","StripByteCounts","PlanarConfiguration","SampleFormat","ImageSize","Megapixels"
"D://Alliance/FRDR/Curation/2025/1352/files/Reconstructions/AuaC_cubic_corr1_R_01_recipe002_summary.tif",13.38,"AuaC_cubic_corr1_R_01_recipe002_summary.tif","D://Alliance/FRDR/Curation/2025/1352/files/Reconstructions",43132520,"2025:07:24 10:24:13-04:00","2025:10:14 11:49:31-04:00","2025:07:24 10:24:09-04:00",100666,"TIFF","TIF","image/tiff","II",5316,3764,16,5,1,"AuaC_cubic_corr1_R_01_recipe002",8,1,3764,43132330,1,1,"5316 3764",20.009424
"D://Alliance/FRDR/Curation/2025/1352/files/Reconstructions/AuaC_cubic_corr1_R_01_recipe003_summary.tif",13.38,"AuaC_cubic_corr1_R_01_recipe003_summary.tif","D://Alliance/FRDR/Curation/2025/1352/files/Reconstructions",47599380,"2025:07:24 10:24:05-04:00","2025:10:14 11:49:31-04:00","2025:07:24 10:24:01-04:00",100666,"TIFF","TIF","image/tiff","II",5316,3764,16,5,1,"AuaC_cubic_corr1_R_01_recipe003",8,1,3764,47599190,1,1,"5316 3764",20.009424
"D://Alliance/FRDR/Curation/2025/1352/files/Reconstructions/AuaC_cubic_corr1_R_01_recipe004_summary.tif",13.38,"AuaC_cubic_corr1_R_01_recipe004_summary.tif","D://Alliance/FRDR/Curation/2025/1352/files/Reconstructions",47098575,"2025:07:24 10:24:09-04:00","2025:10:14 11:49:31-04:00","2025:07:24 10:24:02-04:00",100666,"TIFF","TIF","image/tiff","II",5316,3764,16,5,1,"AuaC_cubic_corr1_R_01_recipe004, Pixel Size: 2.49e-01, FFT pixel x: 2.12e-03, FFT pixel y:2.13e-03",8,1,3764,47098317,1,1,"5316 3764",20.009424
"D://Alliance/FRDR/Curation/2025/1352/files/Reconstructions/AuaC_cubic_corr1_R_01_recipe005_summary.tif",13.38,"AuaC_cubic_corr1_R_01_recipe005_summary.tif","D://Alliance/FRDR/Curation/2025/1352/files/Reconstructions",47036065,"2025:07:24 10:24:06-04:00","2025:10:14 11:49:32-04:00","2025:07:24 10:24:02-04:00",100666,"TIFF","TIF","image/tiff","II",5316,3764,16,5,1,"AuaC_cubic_corr1_R_01_recipe005, Pixel Size: 2.49e-01, FFT pixel x: 2.12e-03, FFT pixel y:2.13e-03",8,1,3764,47035807,1,1,"5316 3764",20.009424
"D://Alliance/FRDR/Curation/2025/1352/files/Reconstructions/AuaC_cubic_corr1_R_01_recipe006_summary.tif",13.38,"AuaC_cubic_corr1_R_01_recipe006_summary.tif","D://Alliance/FRDR/Curation/2025/1352/files/Reconstructions",46918931,"2025:07:24 10:24:06-04:00","2025:10:14 11:49:32-04:00","2025:07:24 10:24:03-04:00",100666,"TIFF","TIF","image/tiff","II",5316,3764,16,5,1,"AuaC_cubic_corr1_R_01_recipe006, Pixel Size: 2.49e-01, FFT pixel x: 2.12e-03, FFT pixel y:2.13e-03",8,1,3764,46918674,1,1,"5316 3764",20.009424
"D://Alliance/FRDR/Curation/2025/1352/files/Reconstructions/AuaC_cubic_corr1_setA_R_01_recipe002_summary.tif",13.38,"AuaC_cubic_corr1_setA_R_01_recipe002_summary.tif","D://Alliance/FRDR/Curation/2025/1352/files/Reconstructions",68577769,"2025:07:24 10:23:04-04:00","2025:10:14 11:49:32-04:00","2025:07:24 10:22:54-04:00",100666,"TIFF","TIF","image/tiff","II",6792,4712,16,5,1,"AuaC_cubic_corr1_setA_R_01_recipe002",8,1,4712,68577573,1,1,"6792 4712",32.003904
"D://Alliance/FRDR/Curation/2025/1352/files/Reconstructions/AuaC_cubic_corr1_setA_R_01_recipe003_summary.tif",13.38,"AuaC_cubic_corr1_setA_R_01_recipe003_summary.tif","D://Alliance/FRDR/Curation/2025/1352/files/Reconstructions",74183465,"2025:07:24 10:22:36-04:00","2025:10:14 11:49:33-04:00","2025:07:24 10:22:31-04:00",100666,"TIFF","TIF","image/tiff","II",6792,4712,16,5,1,"AuaC_cubic_corr1_setA_R_01_recipe003",8,1,4712,74183270,1,1,"6792 4712",32.003904
"D://Alliance/FRDR/Curation/2025/1352/files/Reconstructions/AuaC_cubic_corr1_setA_R_01_recipe004_summary.tif",13.38,"AuaC_cubic_corr1_setA_R_01_recipe004_summary.tif","D://Alliance/FRDR/Curation/2025/1352/files/Reconstructions",73614978,"2025:07:24 10:22:45-04:00","2025:10:14 11:49:33-04:00","2025:07:24 10:22:41-04:00",100666,"TIFF","TIF","image/tiff","II",6792,4712,16,5,1,"AuaC_cubic_corr1_setA_R_01_recipe004, Pixel Size: 2.49e-01, FFT pixel x: 1.69e-03, FFT pixel y:1.70e-03",8,1,4712,73614715,1,1,"6792 4712",32.003904
"D://Alliance/FRDR/Curation/2025/1352/files/Reconstructions/AuaC_cubic_corr1_setB_R_01_recipe002_summary.tif",13.38,"AuaC_cubic_corr1_setB_R_01_recipe002_summary.tif","D://Alliance/FRDR/Curation/2025/1352/files/Reconstructions",68567785,"2025:07:24 10:23:06-04:00","2025:10:14 11:49:34-04:00","2025:07:24 10:22:56-04:00",100666,"TIFF","TIF","image/tiff","II",6790,4694,16,5,1,"AuaC_cubic_corr1_setB_R_01_recipe002",8,1,4694,68567590,1,1,"6790 4694",31.87226
"D://Alliance/FRDR/Curation/2025/1352/files/Reconstructions/AuaC_cubic_corr1_setB_R_01_recipe003_summary.tif",13.38,"AuaC_cubic_corr1_setB_R_01_recipe003_summary.tif","D://Alliance/FRDR/Curation/2025/1352/files/Reconstructions",74318511,"2025:07:24 10:22:33-04:00","2025:10:14 11:49:34-04:00","2025:07:24 10:22:28-04:00",100666,"TIFF","TIF","image/tiff","II",6790,4694,16,5,1,"AuaC_cubic_corr1_setB_R_01_recipe003",8,1,4694,74318316,1,1,"6790 4694",31.87226
"D://Alliance/FRDR/Curation/2025/1352/files/Reconstructions/AuaC_cubic_corr1_setB_R_01_recipe004_summary.tif",13.38,"AuaC_cubic_corr1_setB_R_01_recipe004_summary.tif","D://Alliance/FRDR/Curation/2025/1352/files/Reconstructions",73431296,"2025:07:24 10:22:54-04:00","2025:10:14 11:49:35-04:00","2025:07:24 10:22:44-04:00",100666,"TIFF","TIF","image/tiff","II",6790,4694,16,5,1,"AuaC_cubic_corr1_setB_R_01_recipe004, Pixel Size: 2.49e-01, FFT pixel x: 1.69e-03, FFT pixel y:1.71e-03",8,1,4694,73431034,1,1,"6790 4694",31.87226
"D://Alliance/FRDR/Curation/2025/1352/files/Reconstructions/AuaC_second_corr_R_01_recipe002_summary.tif",13.38,"AuaC_second_corr_R_01_recipe002_summary.tif","D://Alliance/FRDR/Curation/2025/1352/files/Reconstructions",46128780,"2025:07:24 10:24:09-04:00","2025:10:14 11:49:35-04:00","2025:07:24 10:24:06-04:00",100666,"TIFF","TIF","image/tiff","II",5486,3934,16,5,1,"AuaC_second_corr_R_01_recipe002",8,1,3934,46128589,1,1,"5486 3934",21.581924
"D://Alliance/FRDR/Curation/2025/1352/files/Reconstructions/AuaC_second_corr_R_01_recipe003_summary.tif",13.38,"AuaC_second_corr_R_01_recipe003_summary.tif","D://Alliance/FRDR/Curation/2025/1352/files/Reconstructions",50175088,"2025:07:24 10:23:58-04:00","2025:10:14 11:49:35-04:00","2025:07:24 10:23:54-04:00",100666,"TIFF","TIF","image/tiff","II",5486,3934,16,5,1,"AuaC_second_corr_R_01_recipe003",8,1,3934,50174897,1,1,"5486 3934",21.581924
"D://Alliance/FRDR/Curation/2025/1352/files/Reconstructions/AuaC_second_corr_R_01_recipe004_summary.tif",13.38,"AuaC_second_corr_R_01_recipe004_summary.tif","D://Alliance/FRDR/Curation/2025/1352/files/Reconstructions",50074647,"2025:07:24 10:24:02-04:00","2025:10:14 11:49:35-04:00","2025:07:24 10:23:58-04:00",100666,"TIFF","TIF","image/tiff","II",5486,3934,16,5,1,"AuaC_second_corr_R_01_recipe004, Pixel Size: 2.38e-01, FFT pixel x: 2.13e-03, FFT pixel y:2.14e-03",8,1,3934,50074389,1,1,"5486 3934",21.581924
"D://Alliance/FRDR/Curation/2025/1352/files/Reconstructions/AuaC_second_corr_R_01_recipe005_summary.tif",13.38,"AuaC_second_corr_R_01_recipe005_summary.tif","D://Alliance/FRDR/Curation/2025/1352/files/Reconstructions",50098303,"2025:07:24 10:24:01-04:00","2025:10:14 11:49:36-04:00","2025:07:24 10:23:58-04:00",100666,"TIFF","TIF","image/tiff","II",5486,3934,16,5,1,"AuaC_second_corr_R_01_recipe005, Pixel Size: 2.38e-01, FFT pixel x: 2.13e-03, FFT pixel y:2.14e-03",8,1,3934,50098046,1,1,"5486 3934",21.581924
"D://Alliance/FRDR/Curation/2025/1352/files/Reconstructions/AuaC_second_corr_R_01_recipe006_summary.tif",13.38,"AuaC_second_corr_R_01_recipe006_summary.tif","D://Alliance/FRDR/Curation/2025/1352/files/Reconstructions",50159467,"2025:07:24 10:23:59-04:00","2025:10:14 11:49:36-04:00","2025:07:24 10:23:54-04:00",100666,"TIFF","TIF","image/tiff","II",5486,3934,16,5,1,"AuaC_second_corr_R_01_recipe006, Pixel Size: 2.38e-01, FFT pixel x: 2.13e-03, FFT pixel y:2.14e-03",8,1,3934,50159210,1,1,"5486 3934",21.581924
"D://Alliance/FRDR/Curation/2025/1352/files/Reconstructions/AuaC_second_corr_R_01_recipe017_summary.tif",13.38,"AuaC_second_corr_R_01_recipe017_summary.tif","D://Alliance/FRDR/Curation/2025/1352/files/Reconstructions",48228532,"2025:07:24 10:24:02-04:00","2025:10:14 11:49:36-04:00","2025:07:24 10:23:58-04:00",100666,"TIFF","TIF","image/tiff","II",5486,3934,16,5,1,"AuaC_second_corr_R_01_recipe017",8,1,3934,48228341,1,1,"5486 3934",21.581924
"D://Alliance/FRDR/Curation/2025/1352/files/Reconstructions/AuaC_second_corr_R_01_recipe018_summary.tif",13.38,"AuaC_second_corr_R_01_recipe018_summary.tif","D://Alliance/FRDR/Curation/2025/1352/files/Reconstructions",51374810,"2025:07:24 10:23:35-04:00","2025:10:14 11:49:37-04:00","2025:07:24 10:23:31-04:00",100666,"TIFF","TIF","image/tiff","II",5486,3934,16,5,1,"AuaC_second_corr_R_01_recipe018",8,1,3934,51374620,1,1,"5486 3934",21.581924
"D://Alliance/FRDR/Curation/2025/1352/files/Reconstructions/AuaC_second_corr_R_01_recipe019_summary.tif",13.38,"AuaC_second_corr_R_01_recipe019_summary.tif","D://Alliance/FRDR/Curation/2025/1352/files/Reconstructions",50894889,"2025:07:24 10:23:41-04:00","2025:10:14 11:49:37-04:00","2025:07:24 10:23:37-04:00",100666,"TIFF","TIF","image/tiff","II",5486,3934,16,5,1,"AuaC_second_corr_R_01_recipe019, Pixel Size: 2.38e-01, FFT pixel x: 2.13e-03, FFT pixel y:2.14e-03",8,1,3934,50894632,1,1,"5486 3934",21.581924
"D://Alliance/FRDR/Curation/2025/1352/files/Reconstructions/AuaC_second_corr_R_01_recipe020_summary.tif",13.38,"AuaC_second_corr_R_01_recipe020_summary.tif","D://Alliance/FRDR/Curation/2025/1352/files/Reconstructions",51005105,"2025:07:24 10:23:41-04:00","2025:10:14 11:49:37-04:00","2025:07:24 10:23:34-04:00",100666,"TIFF","TIF","image/tiff","II",5486,3934,16,5,1,"AuaC_second_corr_R_01_recipe020, Pixel Size: 2.38e-01, FFT pixel x: 2.13e-03, FFT pixel y:2.14e-03",8,1,3934,51004847,1,1,"5486 3934",21.581924
"D://Alliance/FRDR/Curation/2025/1352/files/Reconstructions/AuaC_second_corr_R_01_recipe021_summary.tif",13.38,"AuaC_second_corr_R_01_recipe021_summary.tif","D://Alliance/FRDR/Curation/2025/1352/files/Reconstructions",50971789,"2025:07:24 10:23:42-04:00","2025:10:14 11:49:38-04:00","2025:07:24 10:23:35-04:00",100666,"TIFF","TIF","image/tiff","II",5486,3934,16,5,1,"AuaC_second_corr_R_01_recipe021, Pixel Size: 2.38e-01, FFT pixel x: 2.13e-03, FFT pixel y:2.14e-03",8,1,3934,50971532,1,1,"5486 3934",21.581924
"D://Alliance/FRDR/Curation/2025/1352/files/Reconstructions/AuaC_second_corr_R_01_recipe062_summary.tif",13.38,"AuaC_second_corr_R_01_recipe062_summary.tif","D://Alliance/FRDR/Curation/2025/1352/files/Reconstructions",46122552,"2025:07:24 10:24:12-04:00","2025:10:14 11:49:38-04:00","2025:07:24 10:24:07-04:00",100666,"TIFF","TIF","image/tiff","II",5486,3934,16,5,1,"AuaC_second_corr_R_01_recipe062",8,1,3934,46122361,1,1,"5486 3934",21.581924
"D://Alliance/FRDR/Curation/2025/1352/files/Reconstructions/AuaC_second_corr_R_01_recipe063_summary.tif",13.38,"AuaC_second_corr_R_01_recipe063_summary.tif","D://Alliance/FRDR/Curation/2025/1352/files/Reconstructions",50414650,"2025:07:24 10:23:52-04:00","2025:10:14 11:49:38-04:00","2025:07:24 10:23:49-04:00",100666,"TIFF","TIF","image/tiff","II",5486,3934,16,5,1,"AuaC_second_corr_R_01_recipe063",8,1,3934,50414460,1,1,"5486 3934",21.581924
"D://Alliance/FRDR/Curation/2025/1352/files/Reconstructions/AuaC_second_corr_R_01_recipe064_summary.tif",13.38,"AuaC_second_corr_R_01_recipe064_summary.tif","D://Alliance/FRDR/Curation/2025/1352/files/Reconstructions",50191865,"2025:07:24 10:23:58-04:00","2025:10:14 11:49:39-04:00","2025:07:24 10:23:53-04:00",100666,"TIFF","TIF","image/tiff","II",5486,3934,16,5,1,"AuaC_second_corr_R_01_recipe064, Pixel Size: 2.38e-01, FFT pixel x: 2.13e-03, FFT pixel y:2.14e-03",8,1,3934,50191608,1,1,"5486 3934",21.581924
"D://Alliance/FRDR/Curation/2025/1352/files/Reconstructions/AuaC_second_corr_R_01_recipe065_summary.tif",13.38,"AuaC_second_corr_R_01_recipe065_summary.tif","D://Alliance/FRDR/Curation/2025/1352/files/Reconstructions",50218791,"2025:07:24 10:23:58-04:00","2025:10:14 11:49:39-04:00","2025:07:24 10:23:50-04:00",100666,"TIFF","TIF","image/tiff","II",5486,3934,16,5,1,"AuaC_second_corr_R_01_recipe065, Pixel Size: 2.38e-01, FFT pixel x: 2.13e-03, FFT pixel y:2.14e-03",8,1,3934,50218534,1,1,"5486 3934",21.581924
"D://Alliance/FRDR/Curation/2025/1352/files/Reconstructions/AuaC_second_corr_R_01_recipe066_summary.tif",13.38,"AuaC_second_corr_R_01_recipe066_summary.tif","D://Alliance/FRDR/Curation/2025/1352/files/Reconstructions",50269149,"2025:07:24 10:23:54-04:00","2025:10:14 11:49:39-04:00","2025:07:24 10:23:49-04:00",100666,"TIFF","TIF","image/tiff","II",5486,3934,16,5,1,"AuaC_second_corr_R_01_recipe066, Pixel Size: 2.38e-01, FFT pixel x: 2.13e-03, FFT pixel y:2.14e-03",8,1,3934,50268892,1,1,"5486 3934",21.581924
"D://Alliance/FRDR/Curation/2025/1352/files/Reconstructions/AuaC_second_corr_R_01_recipe068_summary.tif",13.38,"AuaC_second_corr_R_01_recipe068_summary.tif","D://Alliance/FRDR/Curation/2025/1352/files/Reconstructions",48131658,"2025:07:24 10:24:03-04:00","2025:10:14 11:49:39-04:00","2025:07:24 10:23:59-04:00",100666,"TIFF","TIF","image/tiff","II",5486,3934,16,5,1,"AuaC_second_corr_R_01_recipe068",8,1,3934,48131468,1,1,"5486 3934",21.581924
"D://Alliance/FRDR/Curation/2025/1352/files/Reconstructions/AuaC_second_corr_R_01_recipe069_summary.tif",13.38,"AuaC_second_corr_R_01_recipe069_summary.tif","D://Alliance/FRDR/Curation/2025/1352/files/Reconstructions",51354116,"2025:07:24 10:23:34-04:00","2025:10:14 11:49:40-04:00","2025:07:24 10:23:31-04:00",100666,"TIFF","TIF","image/tiff","II",5486,3934,16,5,1,"AuaC_second_corr_R_01_recipe069",8,1,3934,51353925,1,1,"5486 3934",21.581924
"D://Alliance/FRDR/Curation/2025/1352/files/Reconstructions/AuaC_second_corr_R_01_recipe070_summary.tif",13.38,"AuaC_second_corr_R_01_recipe070_summary.tif","D://Alliance/FRDR/Curation/2025/1352/files/Reconstructions",50744715,"2025:07:24 10:23:49-04:00","2025:10:14 11:49:40-04:00","2025:07:24 10:23:43-04:00",100666,"TIFF","TIF","image/tiff","II",5486,3934,16,5,1,"AuaC_second_corr_R_01_recipe070, Pixel Size: 2.38e-01, FFT pixel x: 2.13e-03, FFT pixel y:2.14e-03",8,1,3934,50744457,1,1,"5486 3934",21.581924
"D://Alliance/FRDR/Curation/2025/1352/files/Reconstructions/AuaC_second_corr_R_01_recipe071_summary.tif",13.38,"AuaC_second_corr_R_01_recipe071_summary.tif","D://Alliance/FRDR/Curation/2025/1352/files/Reconstructions",50877169,"2025:07:24 10:23:44-04:00","2025:10:14 11:49:40-04:00","2025:07:24 10:23:41-04:00",100666,"TIFF","TIF","image/tiff","II",5486,3934,16,5,1,"AuaC_second_corr_R_01_recipe071, Pixel Size: 2.38e-01, FFT pixel x: 2.13e-03, FFT pixel y:2.14e-03",8,1,3934,50876912,1,1,"5486 3934",21.581924
"D://Alliance/FRDR/Curation/2025/1352/files/Reconstructions/AuaC_second_corr_R_01_recipe072_summary.tif",13.38,"AuaC_second_corr_R_01_recipe072_summary.tif","D://Alliance/FRDR/Curation/2025/1352/files/Reconstructions",50881197,"2025:07:24 10:23:43-04:00","2025:10:14 11:49:41-04:00","2025:07:24 10:23:39-04:00",100666,"TIFF","TIF","image/tiff","II",5486,3934,16,5,1,"AuaC_second_corr_R_01_recipe072, Pixel Size: 2.38e-01, FFT pixel x: 2.13e-03, FFT pixel y:2.14e-03",8,1,3934,50880939,1,1,"5486 3934",21.581924
"D://Alliance/FRDR/Curation/2025/1352/files/Reconstructions/AuaC_second_corr_setA_R_01_recipe002_summary.tif",13.38,"AuaC_second_corr_setA_R_01_recipe002_summary.tif","D://Alliance/FRDR/Curation/2025/1352/files/Reconstructions",73986111,"2025:07:24 10:22:45-04:00","2025:10:14 11:49:41-04:00","2025:07:24 10:22:33-04:00",100666,"TIFF","TIF","image/tiff","II",7010,4926,16,5,1,"AuaC_second_corr_setA_R_01_recipe002",8,1,4926,73985916,1,1,"7010 4926",34.53126
"D://Alliance/FRDR/Curation/2025/1352/files/Reconstructions/AuaC_second_corr_setA_R_01_recipe003_summary.tif",13.38,"AuaC_second_corr_setA_R_01_recipe003_summary.tif","D://Alliance/FRDR/Curation/2025/1352/files/Reconstructions",80323193,"2025:07:24 10:22:00-04:00","2025:10:14 11:49:41-04:00","2025:07:24 10:21:55-04:00",100666,"TIFF","TIF","image/tiff","II",7010,4926,16,5,1,"AuaC_second_corr_setA_R_01_recipe003",8,1,4926,80322997,1,1,"7010 4926",34.53126
"D://Alliance/FRDR/Curation/2025/1352/files/Reconstructions/AuaC_second_corr_setA_R_01_recipe004_summary.tif",13.38,"AuaC_second_corr_setA_R_01_recipe004_summary.tif","D://Alliance/FRDR/Curation/2025/1352/files/Reconstructions",78555268,"2025:07:24 10:22:19-04:00","2025:10:14 11:49:42-04:00","2025:07:24 10:22:15-04:00",100666,"TIFF","TIF","image/tiff","II",7010,4926,16,5,1,"AuaC_second_corr_setA_R_01_recipe004, Pixel Size: 2.38e-01, FFT pixel x: 1.69e-03, FFT pixel y:1.71e-03",8,1,4926,78555005,1,1,"7010 4926",34.53126
"D://Alliance/FRDR/Curation/2025/1352/files/Reconstructions/AuaC_second_corr_setA_R_01_recipe017_summary.tif",13.38,"AuaC_second_corr_setA_R_01_recipe017_summary.tif","D://Alliance/FRDR/Curation/2025/1352/files/Reconstructions",76694161,"2025:07:24 10:22:24-04:00","2025:10:14 11:49:42-04:00","2025:07:24 10:22:19-04:00",100666,"TIFF","TIF","image/tiff","II",7010,4926,16,5,1,"AuaC_second_corr_setA_R_01_recipe017",8,1,4926,76693966,1,1,"7010 4926",34.53126
"D://Alliance/FRDR/Curation/2025/1352/files/Reconstructions/AuaC_second_corr_setA_R_01_recipe018_summary.tif",13.38,"AuaC_second_corr_setA_R_01_recipe018_summary.tif","D://Alliance/FRDR/Curation/2025/1352/files/Reconstructions",81512973,"2025:07:24 10:21:48-04:00","2025:10:14 11:49:43-04:00","2025:07:24 10:21:41-04:00",100666,"TIFF","TIF","image/tiff","II",7010,4926,16,5,1,"AuaC_second_corr_setA_R_01_recipe018",8,1,4926,81512778,1,1,"7010 4926",34.53126
"D://Alliance/FRDR/Curation/2025/1352/files/Reconstructions/AuaC_second_corr_setA_R_01_recipe019_summary.tif",13.38,"AuaC_second_corr_setA_R_01_recipe019_summary.tif","D://Alliance/FRDR/Curation/2025/1352/files/Reconstructions",79571608,"2025:07:24 10:22:08-04:00","2025:10:14 11:49:43-04:00","2025:07:24 10:22:02-04:00",100666,"TIFF","TIF","image/tiff","II",7010,4926,16,5,1,"AuaC_second_corr_setA_R_01_recipe019, Pixel Size: 2.38e-01, FFT pixel x: 1.69e-03, FFT pixel y:1.71e-03",8,1,4926,79571346,1,1,"7010 4926",34.53126
"D://Alliance/FRDR/Curation/2025/1352/files/Reconstructions/AuaC_second_corr_setA_R_01_recipe062_summary.tif",13.38,"AuaC_second_corr_setA_R_01_recipe062_summary.tif","D://Alliance/FRDR/Curation/2025/1352/files/Reconstructions",73975415,"2025:07:24 10:22:39-04:00","2025:10:14 11:49:44-04:00","2025:07:24 10:22:34-04:00",100666,"TIFF","TIF","image/tiff","II",7010,4926,16,5,1,"AuaC_second_corr_setA_R_01_recipe062",8,1,4926,73975220,1,1,"7010 4926",34.53126
"D://Alliance/FRDR/Curation/2025/1352/files/Reconstructions/AuaC_second_corr_setA_R_01_recipe063_summary.tif",13.38,"AuaC_second_corr_setA_R_01_recipe063_summary.tif","D://Alliance/FRDR/Curation/2025/1352/files/Reconstructions",79842295,"2025:07:24 10:22:09-04:00","2025:10:14 11:49:44-04:00","2025:07:24 10:21:58-04:00",100666,"TIFF","TIF","image/tiff","II",7010,4926,16,5,1,"AuaC_second_corr_setA_R_01_recipe063",8,1,4926,79842099,1,1,"7010 4926",34.53126
"D://Alliance/FRDR/Curation/2025/1352/files/Reconstructions/AuaC_second_corr_setA_R_01_recipe064_summary.tif",13.38,"AuaC_second_corr_setA_R_01_recipe064_summary.tif","D://Alliance/FRDR/Curation/2025/1352/files/Reconstructions",78668746,"2025:07:24 10:22:18-04:00","2025:10:14 11:49:45-04:00","2025:07:24 10:22:13-04:00",100666,"TIFF","TIF","image/tiff","II",7010,4926,16,5,1,"AuaC_second_corr_setA_R_01_recipe064, Pixel Size: 2.38e-01, FFT pixel x: 1.69e-03, FFT pixel y:1.71e-03",8,1,4926,78668484,1,1,"7010 4926",34.53126
"D://Alliance/FRDR/Curation/2025/1352/files/Reconstructions/AuaC_second_corr_setA_R_01_recipe068_summary.tif",13.38,"AuaC_second_corr_setA_R_01_recipe068_summary.tif","D://Alliance/FRDR/Curation/2025/1352/files/Reconstructions",76603931,"2025:07:24 10:22:31-04:00","2025:10:14 11:49:45-04:00","2025:07:24 10:22:24-04:00",100666,"TIFF","TIF","image/tiff","II",7010,4926,16,5,1,"AuaC_second_corr_setA_R_01_recipe068",8,1,4926,76603736,1,1,"7010 4926",34.53126
"D://Alliance/FRDR/Curation/2025/1352/files/Reconstructions/AuaC_second_corr_setA_R_01_recipe069_summary.tif",13.38,"AuaC_second_corr_setA_R_01_recipe069_summary.tif","D://Alliance/FRDR/Curation/2025/1352/files/Reconstructions",81125817,"2025:07:24 10:22:01-04:00","2025:10:14 11:49:46-04:00","2025:07:24 10:21:49-04:00",100666,"TIFF","TIF","image/tiff","II",7010,4926,16,5,1,"AuaC_second_corr_setA_R_01_recipe069",8,1,4926,81125621,1,1,"7010 4926",34.53126
"D://Alliance/FRDR/Curation/2025/1352/files/Reconstructions/AuaC_second_corr_setA_R_01_recipe070_summary.tif",13.38,"AuaC_second_corr_setA_R_01_recipe070_summary.tif","D://Alliance/FRDR/Curation/2025/1352/files/Reconstructions",79436586,"2025:07:24 10:22:15-04:00","2025:10:14 11:49:46-04:00","2025:07:24 10:22:08-04:00",100666,"TIFF","TIF","image/tiff","II",7010,4926,16,5,1,"AuaC_second_corr_setA_R_01_recipe070, Pixel Size: 2.38e-01, FFT pixel x: 1.69e-03, FFT pixel y:1.71e-03",8,1,4926,79436324,1,1,"7010 4926",34.53126
"D://Alliance/FRDR/Curation/2025/1352/files/Reconstructions/AuaC_second_corr_setB_R_01_recipe002_summary.tif",13.38,"AuaC_second_corr_setB_R_01_recipe002_summary.tif","D://Alliance/FRDR/Curation/2025/1352/files/Reconstructions",73791875,"2025:07:24 10:22:40-04:00","2025:10:14 11:49:47-04:00","2025:07:24 10:22:36-04:00",100666,"TIFF","TIF","image/tiff","II",7008,4910,16,5,1,"AuaC_second_corr_setB_R_01_recipe002",8,1,4910,73791679,1,1,"7008 4910",34.40928
"D://Alliance/FRDR/Curation/2025/1352/files/Reconstructions/AuaC_second_corr_setB_R_01_recipe003_summary.tif",13.38,"AuaC_second_corr_setB_R_01_recipe003_summary.tif","D://Alliance/FRDR/Curation/2025/1352/files/Reconstructions",79166731,"2025:07:24 10:22:13-04:00","2025:10:14 11:49:47-04:00","2025:07:24 10:22:09-04:00",100666,"TIFF","TIF","image/tiff","II",7008,4910,16,5,1,"AuaC_second_corr_setB_R_01_recipe003",8,1,4910,79166536,1,1,"7008 4910",34.40928
"D://Alliance/FRDR/Curation/2025/1352/files/Reconstructions/AuaC_second_corr_setB_R_01_recipe004_summary.tif",13.38,"AuaC_second_corr_setB_R_01_recipe004_summary.tif","D://Alliance/FRDR/Curation/2025/1352/files/Reconstructions",78517434,"2025:07:24 10:22:27-04:00","2025:10:14 11:49:48-04:00","2025:07:24 10:22:17-04:00",100666,"TIFF","TIF","image/tiff","II",7008,4910,16,5,1,"AuaC_second_corr_setB_R_01_recipe004, Pixel Size: 2.38e-01, FFT pixel x: 1.69e-03, FFT pixel y:1.71e-03",8,1,4910,78517171,1,1,"7008 4910",34.40928
"D://Alliance/FRDR/Curation/2025/1352/files/Reconstructions/AuaC_second_corr_setB_R_01_recipe017_summary.tif",13.38,"AuaC_second_corr_setB_R_01_recipe017_summary.tif","D://Alliance/FRDR/Curation/2025/1352/files/Reconstructions",76393689,"2025:07:24 10:22:29-04:00","2025:10:14 11:49:48-04:00","2025:07:24 10:22:25-04:00",100666,"TIFF","TIF","image/tiff","II",7008,4910,16,5,1,"AuaC_second_corr_setB_R_01_recipe017",8,1,4910,76393493,1,1,"7008 4910",34.40928
"D://Alliance/FRDR/Curation/2025/1352/files/Reconstructions/AuaC_second_corr_setB_R_01_recipe018_summary.tif",13.38,"AuaC_second_corr_setB_R_01_recipe018_summary.tif","D://Alliance/FRDR/Curation/2025/1352/files/Reconstructions",81471269,"2025:07:24 10:21:49-04:00","2025:10:14 11:49:49-04:00","2025:07:24 10:21:45-04:00",100666,"TIFF","TIF","image/tiff","II",7008,4910,16,5,1,"AuaC_second_corr_setB_R_01_recipe018",8,1,4910,81471073,1,1,"7008 4910",34.40928
"D://Alliance/FRDR/Curation/2025/1352/files/Reconstructions/AuaC_second_corr_setB_R_01_recipe019_summary.tif",13.38,"AuaC_second_corr_setB_R_01_recipe019_summary.tif","D://Alliance/FRDR/Curation/2025/1352/files/Reconstructions",79344676,"2025:07:24 10:22:19-04:00","2025:10:14 11:49:49-04:00","2025:07:24 10:22:09-04:00",100666,"TIFF","TIF","image/tiff","II",7008,4910,16,5,1,"AuaC_second_corr_setB_R_01_recipe019, Pixel Size: 2.38e-01, FFT pixel x: 1.69e-03, FFT pixel y:1.71e-03",8,1,4910,79344414,1,1,"7008 4910",34.40928
"D://Alliance/FRDR/Curation/2025/1352/files/Reconstructions/AuaC_second_corr_setB_R_01_recipe062_summary.tif",13.38,"AuaC_second_corr_setB_R_01_recipe062_summary.tif","D://Alliance/FRDR/Curation/2025/1352/files/Reconstructions",73689887,"2025:07:24 10:22:46-04:00","2025:10:14 11:49:50-04:00","2025:07:24 10:22:39-04:00",100666,"TIFF","TIF","image/tiff","II",7008,4910,16,5,1,"AuaC_second_corr_setB_R_01_recipe062",8,1,4910,73689691,1,1,"7008 4910",34.40928
"D://Alliance/FRDR/Curation/2025/1352/files/Reconstructions/AuaC_second_corr_setB_R_01_recipe063_summary.tif",13.38,"AuaC_second_corr_setB_R_01_recipe063_summary.tif","D://Alliance/FRDR/Curation/2025/1352/files/Reconstructions",79718009,"2025:07:24 10:22:16-04:00","2025:10:14 11:49:50-04:00","2025:07:24 10:22:02-04:00",100666,"TIFF","TIF","image/tiff","II",7008,4910,16,5,1,"AuaC_second_corr_setB_R_01_recipe063",8,1,4910,79717814,1,1,"7008 4910",34.40928
"D://Alliance/FRDR/Curation/2025/1352/files/Reconstructions/AuaC_second_corr_setB_R_01_recipe064_summary.tif",13.38,"AuaC_second_corr_setB_R_01_recipe064_summary.tif","D://Alliance/FRDR/Curation/2025/1352/files/Reconstructions",78485022,"2025:07:24 10:22:24-04:00","2025:10:14 11:49:51-04:00","2025:07:24 10:22:18-04:00",100666,"TIFF","TIF","image/tiff","II",7008,4910,16,5,1,"AuaC_second_corr_setB_R_01_recipe064, Pixel Size: 2.38e-01, FFT pixel x: 1.69e-03, FFT pixel y:1.71e-03",8,1,4910,78484759,1,1,"7008 4910",34.40928
"D://Alliance/FRDR/Curation/2025/1352/files/Reconstructions/AuaC_second_corr_setB_R_01_recipe068_summary.tif",13.38,"AuaC_second_corr_setB_R_01_recipe068_summary.tif","D://Alliance/FRDR/Curation/2025/1352/files/Reconstructions",76519097,"2025:07:24 10:22:28-04:00","2025:10:14 11:49:51-04:00","2025:07:24 10:22:24-04:00",100666,"TIFF","TIF","image/tiff","II",7008,4910,16,5,1,"AuaC_second_corr_setB_R_01_recipe068",8,1,4910,76518902,1,1,"7008 4910",34.40928
"D://Alliance/FRDR/Curation/2025/1352/files/Reconstructions/AuaC_second_corr_setB_R_01_recipe069_summary.tif",13.38,"AuaC_second_corr_setB_R_01_recipe069_summary.tif","D://Alliance/FRDR/Curation/2025/1352/files/Reconstructions",81275901,"2025:07:24 10:21:53-04:00","2025:10:14 11:49:52-04:00","2025:07:24 10:21:48-04:00",100666,"TIFF","TIF","image/tiff","II",7008,4910,16,5,1,"AuaC_second_corr_setB_R_01_recipe069",8,1,4910,81275706,1,1,"7008 4910",34.40928
"D://Alliance/FRDR/Curation/2025/1352/files/Reconstructions/AuaC_second_corr_setB_R_01_recipe070_summary.tif",13.38,"AuaC_second_corr_setB_R_01_recipe070_summary.tif","D://Alliance/FRDR/Curation/2025/1352/files/Reconstructions",79544784,"2025:07:24 10:22:09-04:00","2025:10:14 11:49:52-04:00","2025:07:24 10:22:05-04:00",100666,"TIFF","TIF","image/tiff","II",7008,4910,16,5,1,"AuaC_second_corr_setB_R_01_recipe070, Pixel Size: 2.38e-01, FFT pixel x: 1.69e-03, FFT pixel y:1.71e-03",8,1,4910,79544521,1,1,"7008 4910",34.40928
"D://Alliance/FRDR/Curation/2025/1352/files/Reconstructions/AuaC_uncorr_R_01_recipe002_summary.tif",13.38,"AuaC_uncorr_R_01_recipe002_summary.tif","D://Alliance/FRDR/Curation/2025/1352/files/Reconstructions",46644709,"2025:07:24 10:24:09-04:00","2025:10:14 11:49:53-04:00","2025:07:24 10:24:05-04:00",100666,"TIFF","TIF","image/tiff","II",5520,3970,16,5,1,"AuaC_uncorr_R_01_recipe002",8,1,3970,46644523,1,1,"5520 3970",21.9144
"D://Alliance/FRDR/Curation/2025/1352/files/Reconstructions/AuaC_uncorr_R_01_recipe003_summary.tif",13.38,"AuaC_uncorr_R_01_recipe003_summary.tif","D://Alliance/FRDR/Curation/2025/1352/files/Reconstructions",51479167,"2025:07:24 10:23:31-04:00","2025:10:14 11:49:53-04:00","2025:07:24 10:23:28-04:00",100666,"TIFF","TIF","image/tiff","II",5520,3970,16,5,1,"AuaC_uncorr_R_01_recipe003",8,1,3970,51478982,1,1,"5520 3970",21.9144
"D://Alliance/FRDR/Curation/2025/1352/files/Reconstructions/AuaC_uncorr_R_01_recipe004_summary.tif",13.38,"AuaC_uncorr_R_01_recipe004_summary.tif","D://Alliance/FRDR/Curation/2025/1352/files/Reconstructions",51084354,"2025:07:24 10:23:37-04:00","2025:10:14 11:49:53-04:00","2025:07:24 10:23:34-04:00",100666,"TIFF","TIF","image/tiff","II",5520,3970,16,5,1,"AuaC_uncorr_R_01_recipe004, Pixel Size: 2.36e-01, FFT pixel x: 2.13e-03, FFT pixel y:2.14e-03",8,1,3970,51084101,1,1,"5520 3970",21.9144
"D://Alliance/FRDR/Curation/2025/1352/files/Reconstructions/AuaC_uncorr_R_01_recipe005_summary.tif",13.38,"AuaC_uncorr_R_01_recipe005_summary.tif","D://Alliance/FRDR/Curation/2025/1352/files/Reconstructions",50871048,"2025:07:24 10:23:49-04:00","2025:10:14 11:49:54-04:00","2025:07:24 10:23:41-04:00",100666,"TIFF","TIF","image/tiff","II",5520,3970,16,5,1,"AuaC_uncorr_R_01_recipe005, Pixel Size: 2.36e-01, FFT pixel x: 2.13e-03, FFT pixel y:2.14e-03",8,1,3970,50870795,1,1,"5520 3970",21.9144
"D://Alliance/FRDR/Curation/2025/1352/files/Reconstructions/AuaC_uncorr_R_01_recipe006_summary.tif",13.38,"AuaC_uncorr_R_01_recipe006_summary.tif","D://Alliance/FRDR/Curation/2025/1352/files/Reconstructions",50990130,"2025:07:24 10:23:39-04:00","2025:10:14 11:49:54-04:00","2025:07:24 10:23:34-04:00",100666,"TIFF","TIF","image/tiff","II",5520,3970,16,5,1,"AuaC_uncorr_R_01_recipe006, Pixel Size: 2.36e-01, FFT pixel x: 2.13e-03, FFT pixel y:2.14e-03",8,1,3970,50989877,1,1,"5520 3970",21.9144
"D://Alliance/FRDR/Curation/2025/1352/files/Reconstructions/AuaC_uncorr_setA_R_01_recipe002_summary.tif",13.38,"AuaC_uncorr_setA_R_01_recipe002_summary.tif","D://Alliance/FRDR/Curation/2025/1352/files/Reconstructions",74656214,"2025:07:24 10:22:44-04:00","2025:10:14 11:49:54-04:00","2025:07:24 10:22:27-04:00",100666,"TIFF","TIF","image/tiff","II",7052,4970,16,5,1,"AuaC_uncorr_setA_R_01_recipe002",8,1,4970,74656023,1,1,"7052 4970",35.04844
"D://Alliance/FRDR/Curation/2025/1352/files/Reconstructions/AuaC_uncorr_setA_R_01_recipe003_summary.tif",13.38,"AuaC_uncorr_setA_R_01_recipe003_summary.tif","D://Alliance/FRDR/Curation/2025/1352/files/Reconstructions",81263448,"2025:07:24 10:21:55-04:00","2025:10:14 11:49:55-04:00","2025:07:24 10:21:49-04:00",100666,"TIFF","TIF","image/tiff","II",7052,4970,16,5,1,"AuaC_uncorr_setA_R_01_recipe003",8,1,4970,81263257,1,1,"7052 4970",35.04844
"D://Alliance/FRDR/Curation/2025/1352/files/Reconstructions/AuaC_uncorr_setA_R_01_recipe004_summary.tif",13.38,"AuaC_uncorr_setA_R_01_recipe004_summary.tif","D://Alliance/FRDR/Curation/2025/1352/files/Reconstructions",80041663,"2025:07:24 10:22:02-04:00","2025:10:14 11:49:55-04:00","2025:07:24 10:21:58-04:00",100666,"TIFF","TIF","image/tiff","II",7052,4970,16,5,1,"AuaC_uncorr_setA_R_01_recipe004, Pixel Size: 2.36e-01, FFT pixel x: 1.69e-03, FFT pixel y:1.71e-03",8,1,4970,80041406,1,1,"7052 4970",35.04844
"D://Alliance/FRDR/Curation/2025/1352/files/Reconstructions/AuaC_uncorr_setB_R_01_recipe002_summary.tif",13.38,"AuaC_uncorr_setB_R_01_recipe002_summary.tif","D://Alliance/FRDR/Curation/2025/1352/files/Reconstructions",74314868,"2025:07:24 10:22:34-04:00","2025:10:14 11:49:56-04:00","2025:07:24 10:22:29-04:00",100666,"TIFF","TIF","image/tiff","II",7052,4954,16,5,1,"AuaC_uncorr_setB_R_01_recipe002",8,1,4954,74314678,1,1,"7052 4954",34.935608
"D://Alliance/FRDR/Curation/2025/1352/files/Reconstructions/AuaC_uncorr_setB_R_01_recipe003_summary.tif",13.38,"AuaC_uncorr_setB_R_01_recipe003_summary.tif","D://Alliance/FRDR/Curation/2025/1352/files/Reconstructions",80917530,"2025:07:24 10:21:58-04:00","2025:10:14 11:49:56-04:00","2025:07:24 10:21:53-04:00",100666,"TIFF","TIF","image/tiff","II",7052,4954,16,5,1,"AuaC_uncorr_setB_R_01_recipe003",8,1,4954,80917339,1,1,"7052 4954",34.935608
"D://Alliance/FRDR/Curation/2025/1352/files/Reconstructions/AuaC_uncorr_setB_R_01_recipe004_summary.tif",13.38,"AuaC_uncorr_setB_R_01_recipe004_summary.tif","D://Alliance/FRDR/Curation/2025/1352/files/Reconstructions",79798461,"2025:07:24 10:22:05-04:00","2025:10:14 11:49:57-04:00","2025:07:24 10:22:01-04:00",100666,"TIFF","TIF","image/tiff","II",7052,4954,16,5,1,"AuaC_uncorr_setB_R_01_recipe004, Pixel Size: 2.36e-01, FFT pixel x: 1.69e-03, FFT pixel y:1.71e-03",8,1,4954,79798203,1,1,"7052 4954",34.935608
"D://Alliance/FRDR/Curation/2025/1352/files/Reconstructions/MoS2_Au_model_R_01_recipe074_summary.tif",13.38,"MoS2_Au_model_R_01_recipe074_summary.tif","D://Alliance/FRDR/Curation/2025/1352/files/Reconstructions",68048442,"2025:07:24 10:23:01-04:00","2025:10:14 11:49:57-04:00","2025:07:24 10:22:58-04:00",100666,"TIFF","TIF","image/tiff","II",6532,4472,16,5,1,"MoS2_Au_model_oldR_01_recipe074",8,1,4472,68048252,1,1,"6532 4472",29.211104
"D://Alliance/FRDR/Curation/2025/1352/files/Reconstructions/MoS2_Au_model_R_01_recipe075_summary.tif",13.38,"MoS2_Au_model_R_01_recipe075_summary.tif","D://Alliance/FRDR/Curation/2025/1352/files/Reconstructions",70028418,"2025:07:24 10:22:58-04:00","2025:10:14 11:49:58-04:00","2025:07:24 10:22:54-04:00",100666,"TIFF","TIF","image/tiff","II",6532,4472,16,5,1,"MoS2_Au_model_oldR_01_recipe075",8,1,4472,70028228,1,1,"6532 4472",29.211104
"D://Alliance/FRDR/Curation/2025/1352/files/Reconstructions/MoS2_Au_model_R_01_recipe076_summary.tif",13.38,"MoS2_Au_model_R_01_recipe076_summary.tif","D://Alliance/FRDR/Curation/2025/1352/files/Reconstructions",70331619,"2025:07:24 10:22:56-04:00","2025:10:14 11:49:58-04:00","2025:07:24 10:22:50-04:00",100666,"TIFF","TIF","image/tiff","II",6532,4472,16,5,1,"MoS2_Au_model_oldR_01_recipe076, Pixel Size: 1.11e-01, FFT pixel x: 4.03e-03, FFT pixel y:4.05e-03",8,1,4472,70331361,1,1,"6532 4472",29.211104
"D://Alliance/FRDR/Curation/2025/1352/files/Reconstructions/MoS2_Au_model_R_01_recipe077_summary.tif",13.38,"MoS2_Au_model_R_01_recipe077_summary.tif","D://Alliance/FRDR/Curation/2025/1352/files/Reconstructions",71168433,"2025:07:24 10:22:54-04:00","2025:10:14 11:49:59-04:00","2025:07:24 10:22:49-04:00",100666,"TIFF","TIF","image/tiff","II",6532,4472,16,5,1,"MoS2_Au_model_oldR_01_recipe077, Pixel Size: 1.11e-01, FFT pixel x: 4.03e-03, FFT pixel y:4.05e-03",8,1,4472,71168175,1,1,"6532 4472",29.211104
"D://Alliance/FRDR/Curation/2025/1352/files/Reconstructions/MoS2_Au_model_R_01_recipe078_summary.tif",13.38,"MoS2_Au_model_R_01_recipe078_summary.tif","D://Alliance/FRDR/Curation/2025/1352/files/Reconstructions",71776923,"2025:07:24 10:22:58-04:00","2025:10:14 11:50:00-04:00","2025:07:24 10:22:46-04:00",100666,"TIFF","TIF","image/tiff","II",6532,4472,16,5,1,"MoS2_Au_model_oldR_01_recipe078, Pixel Size: 1.11e-01, FFT pixel x: 4.03e-03, FFT pixel y:4.05e-03",8,1,4472,71776666,1,1,"6532 4472",29.211104
"D://Alliance/FRDR/Curation/2025/1352/files/Reconstructions/MoS2_Au_model_R_01_recipe079_summary.tif",13.38,"MoS2_Au_model_R_01_recipe079_summary.tif","D://Alliance/FRDR/Curation/2025/1352/files/Reconstructions",71917421,"2025:07:24 10:22:50-04:00","2025:10:14 11:50:00-04:00","2025:07:24 10:22:45-04:00",100666,"TIFF","TIF","image/tiff","II",6532,4472,16,5,1,"MoS2_Au_model_oldR_01_recipe079, Pixel Size: 1.11e-01, FFT pixel x: 4.03e-03, FFT pixel y:4.05e-03",8,1,4472,71917164,1,1,"6532 4472",29.211104
"D://Alliance/FRDR/Curation/2025/1352/files/Reconstructions/MoS2_corrected_R_01_recipe008_summary.tif",13.38,"MoS2_corrected_R_01_recipe008_summary.tif","D://Alliance/FRDR/Curation/2025/1352/files/Reconstructions",91028136,"2025:07:24 10:21:16-04:00","2025:10:14 11:50:01-04:00","2025:07:24 10:21:05-04:00",100666,"TIFF","TIF","image/tiff","II",7866,5548,16,5,1,"MoS2_corrected_R_01_recipe008",8,1,5548,91027948,1,1,"7866 5548",43.640568
"D://Alliance/FRDR/Curation/2025/1352/files/Reconstructions/MoS2_corrected_R_01_recipe009_summary.tif",13.38,"MoS2_corrected_R_01_recipe009_summary.tif","D://Alliance/FRDR/Curation/2025/1352/files/Reconstructions",98769390,"2025:07:24 10:21:04-04:00","2025:10:14 11:50:01-04:00","2025:07:24 10:20:58-04:00",100666,"TIFF","TIF","image/tiff","II",7866,5548,16,5,1,"MoS2_corrected_R_01_recipe009",8,1,5548,98769201,1,1,"7866 5548",43.640568
"D://Alliance/FRDR/Curation/2025/1352/files/Reconstructions/MoS2_corrected_R_01_recipe010_summary.tif",13.38,"MoS2_corrected_R_01_recipe010_summary.tif","D://Alliance/FRDR/Curation/2025/1352/files/Reconstructions",98933573,"2025:07:24 10:21:05-04:00","2025:10:14 11:50:02-04:00","2025:07:24 10:20:54-04:00",100666,"TIFF","TIF","image/tiff","II",7866,5548,16,5,1,"MoS2_corrected_R_01_recipe010, Pixel Size: 1.66e-01, FFT pixel x: 2.07e-03, FFT pixel y:2.18e-03",8,1,5548,98933317,1,1,"7866 5548",43.640568
"D://Alliance/FRDR/Curation/2025/1352/files/Reconstructions/MoS2_corrected_R_01_recipe011_summary.tif",13.38,"MoS2_corrected_R_01_recipe011_summary.tif","D://Alliance/FRDR/Curation/2025/1352/files/Reconstructions",99554965,"2025:07:24 10:20:52-04:00","2025:10:14 11:50:02-04:00","2025:07:24 10:20:44-04:00",100666,"TIFF","TIF","image/tiff","II",7866,5548,16,5,1,"MoS2_corrected_R_01_recipe011, Pixel Size: 1.66e-01, FFT pixel x: 2.07e-03, FFT pixel y:2.18e-03",8,1,5548,99554710,1,1,"7866 5548",43.640568
"D://Alliance/FRDR/Curation/2025/1352/files/Reconstructions/MoS2_corrected_R_01_recipe012_summary.tif",13.38,"MoS2_corrected_R_01_recipe012_summary.tif","D://Alliance/FRDR/Curation/2025/1352/files/Reconstructions",99542563,"2025:07:24 10:20:54-04:00","2025:10:14 11:50:03-04:00","2025:07:24 10:20:47-04:00",100666,"TIFF","TIF","image/tiff","II",7866,5548,16,5,1,"MoS2_corrected_R_01_recipe012, Pixel Size: 1.66e-01, FFT pixel x: 2.07e-03, FFT pixel y:2.18e-03",8,1,5548,99542307,1,1,"7866 5548",43.640568
"D://Alliance/FRDR/Curation/2025/1352/files/Reconstructions/MoS2_corrected_R_01_recipe013_summary.tif",13.38,"MoS2_corrected_R_01_recipe013_summary.tif","D://Alliance/FRDR/Curation/2025/1352/files/Reconstructions",99436007,"2025:07:24 10:20:59-04:00","2025:10:14 11:50:03-04:00","2025:07:24 10:20:53-04:00",100666,"TIFF","TIF","image/tiff","II",7866,5548,16,5,1,"MoS2_corrected_R_01_recipe013, Pixel Size: 1.66e-01, FFT pixel x: 2.07e-03, FFT pixel y:2.18e-03",8,1,5548,99435751,1,1,"7866 5548",43.640568
"D://Alliance/FRDR/Curation/2025/1352/files/Reconstructions/MoS2_corrected_R_01_recipe014_summary.tif",13.38,"MoS2_corrected_R_01_recipe014_summary.tif","D://Alliance/FRDR/Curation/2025/1352/files/Reconstructions",99465213,"2025:07:24 10:20:58-04:00","2025:10:14 11:50:04-04:00","2025:07:24 10:20:51-04:00",100666,"TIFF","TIF","image/tiff","II",7866,5548,16,5,1,"MoS2_corrected_R_01_recipe014, Pixel Size: 1.66e-01, FFT pixel x: 2.07e-03, FFT pixel y:2.18e-03",8,1,5548,99464957,1,1,"7866 5548",43.640568
"D://Alliance/FRDR/Curation/2025/1352/files/Reconstructions/MoS2_corrected_R_01_recipe015_summary.tif",13.38,"MoS2_corrected_R_01_recipe015_summary.tif","D://Alliance/FRDR/Curation/2025/1352/files/Reconstructions",99532151,"2025:07:24 10:21:06-04:00","2025:10:14 11:50:05-04:00","2025:07:24 10:20:50-04:00",100666,"TIFF","TIF","image/tiff","II",7866,5548,16,5,1,"MoS2_corrected_R_01_recipe015, Pixel Size: 1.66e-01, FFT pixel x: 2.07e-03, FFT pixel y:2.18e-03",8,1,5548,99531895,1,1,"7866 5548",43.640568
"D://Alliance/FRDR/Curation/2025/1352/files/Reconstructions/synth_aCconds_10m_R_01_recipe050_summary.tif",13.38,"synth_aCconds_10m_R_01_recipe050_summary.tif","D://Alliance/FRDR/Curation/2025/1352/files/Reconstructions",35243953,"2025:07:24 10:24:25-04:00","2025:10:14 11:50:05-04:00","2025:07:24 10:24:22-04:00",100666,"TIFF","TIF","image/tiff","II",4780,3244,16,5,1,"synth_aCconds_10m_R_01_recipe050",8,1,3244,35243762,1,1,"4780 3244",15.50632
"D://Alliance/FRDR/Curation/2025/1352/files/Reconstructions/synth_aCconds_10m_R_01_recipe051_summary.tif",13.38,"synth_aCconds_10m_R_01_recipe051_summary.tif","D://Alliance/FRDR/Curation/2025/1352/files/Reconstructions",37187167,"2025:07:24 10:24:21-04:00","2025:10:14 11:50:05-04:00","2025:07:24 10:24:18-04:00",100666,"TIFF","TIF","image/tiff","II",4780,3244,16,5,1,"synth_aCconds_10m_R_01_recipe051",8,1,3244,37186975,1,1,"4780 3244",15.50632
"D://Alliance/FRDR/Curation/2025/1352/files/Reconstructions/synth_aCconds_10m_R_01_recipe052_summary.tif",13.38,"synth_aCconds_10m_R_01_recipe052_summary.tif","D://Alliance/FRDR/Curation/2025/1352/files/Reconstructions",37207287,"2025:07:24 10:24:20-04:00","2025:10:14 11:50:06-04:00","2025:07:24 10:24:16-04:00",100666,"TIFF","TIF","image/tiff","II",4780,3244,16,5,1,"synth_aCconds_10m_R_01_recipe052",8,1,3244,37207096,1,1,"4780 3244",15.50632
"D://Alliance/FRDR/Curation/2025/1352/files/Reconstructions/synth_aCconds_10m_R_01_recipe053_summary.tif",13.38,"synth_aCconds_10m_R_01_recipe053_summary.tif","D://Alliance/FRDR/Curation/2025/1352/files/Reconstructions",37207837,"2025:07:24 10:24:20-04:00","2025:10:14 11:50:06-04:00","2025:07:24 10:24:16-04:00",100666,"TIFF","TIF","image/tiff","II",4780,3244,16,5,1,"synth_aCconds_10m_R_01_recipe053",8,1,3244,37207646,1,1,"4780 3244",15.50632
"D://Alliance/FRDR/Curation/2025/1352/files/Reconstructions/synth_aCconds_10m_R_01_recipe054_summary.tif",13.38,"synth_aCconds_10m_R_01_recipe054_summary.tif","D://Alliance/FRDR/Curation/2025/1352/files/Reconstructions",37251113,"2025:07:24 10:24:16-04:00","2025:10:14 11:50:06-04:00","2025:07:24 10:24:13-04:00",100666,"TIFF","TIF","image/tiff","II",4780,3244,16,5,1,"synth_aCconds_10m_R_01_recipe054",8,1,3244,37250921,1,1,"4780 3244",15.50632
"D://Alliance/FRDR/Curation/2025/1352/files/Reconstructions/synth_aCconds_15m_R_01_recipe044_summary.tif",13.38,"synth_aCconds_15m_R_01_recipe044_summary.tif","D://Alliance/FRDR/Curation/2025/1352/files/Reconstructions",35157065,"2025:07:24 10:24:26-04:00","2025:10:14 11:50:06-04:00","2025:07:24 10:24:23-04:00",100666,"TIFF","TIF","image/tiff","II",4780,3242,16,5,1,"synth_aCconds_15m_R_01_recipe044",8,1,3242,35156873,1,1,"4780 3242",15.49676
"D://Alliance/FRDR/Curation/2025/1352/files/Reconstructions/synth_aCconds_15m_R_01_recipe045_summary.tif",13.38,"synth_aCconds_15m_R_01_recipe045_summary.tif","D://Alliance/FRDR/Curation/2025/1352/files/Reconstructions",37331787,"2025:07:24 10:24:16-04:00","2025:10:14 11:50:07-04:00","2025:07:24 10:24:13-04:00",100666,"TIFF","TIF","image/tiff","II",4780,3242,16,5,1,"synth_aCconds_15m_R_01_recipe045",8,1,3242,37331595,1,1,"4780 3242",15.49676
"D://Alliance/FRDR/Curation/2025/1352/files/Reconstructions/synth_aCconds_15m_R_01_recipe046_summary.tif",13.38,"synth_aCconds_15m_R_01_recipe046_summary.tif","D://Alliance/FRDR/Curation/2025/1352/files/Reconstructions",37464913,"2025:07:24 10:24:13-04:00","2025:10:14 11:50:07-04:00","2025:07:24 10:24:10-04:00",100666,"TIFF","TIF","image/tiff","II",4780,3242,16,5,1,"synth_aCconds_15m_R_01_recipe046",8,1,3242,37464721,1,1,"4780 3242",15.49676
"D://Alliance/FRDR/Curation/2025/1352/files/Reconstructions/synth_aCconds_15m_R_01_recipe047_summary.tif",13.38,"synth_aCconds_15m_R_01_recipe047_summary.tif","D://Alliance/FRDR/Curation/2025/1352/files/Reconstructions",37435401,"2025:07:24 10:24:15-04:00","2025:10:14 11:50:07-04:00","2025:07:24 10:24:12-04:00",100666,"TIFF","TIF","image/tiff","II",4780,3242,16,5,1,"synth_aCconds_15m_R_01_recipe047",8,1,3242,37435210,1,1,"4780 3242",15.49676
"D://Alliance/FRDR/Curation/2025/1352/files/Reconstructions/synth_aCconds_15m_R_01_recipe048_summary.tif",13.38,"synth_aCconds_15m_R_01_recipe048_summary.tif","D://Alliance/FRDR/Curation/2025/1352/files/Reconstructions",37453639,"2025:07:24 10:24:18-04:00","2025:10:14 11:50:07-04:00","2025:07:24 10:24:10-04:00",100666,"TIFF","TIF","image/tiff","II",4780,3242,16,5,1,"synth_aCconds_15m_R_01_recipe048",8,1,3242,37453448,1,1,"4780 3242",15.49676
"D://Alliance/FRDR/Curation/2025/1352/files/Reconstructions/synth_aCconds_5m_R_01_recipe056_summary.tif",13.38,"synth_aCconds_5m_R_01_recipe056_summary.tif","D://Alliance/FRDR/Curation/2025/1352/files/Reconstructions",35508166,"2025:07:24 10:24:26-04:00","2025:10:14 11:50:08-04:00","2025:07:24 10:24:21-04:00",100666,"TIFF","TIF","image/tiff","II",4780,3244,16,5,1,"synth_aCconds_5m_R_01_recipe056",8,1,3244,35507976,1,1,"4780 3244",15.50632
"D://Alliance/FRDR/Curation/2025/1352/files/Reconstructions/synth_aCconds_5m_R_01_recipe057_summary.tif",13.38,"synth_aCconds_5m_R_01_recipe057_summary.tif","D://Alliance/FRDR/Curation/2025/1352/files/Reconstructions",37158136,"2025:07:24 10:24:23-04:00","2025:10:14 11:50:08-04:00","2025:07:24 10:24:20-04:00",100666,"TIFF","TIF","image/tiff","II",4780,3244,16,5,1,"synth_aCconds_5m_R_01_recipe057",8,1,3244,37157945,1,1,"4780 3244",15.50632
"D://Alliance/FRDR/Curation/2025/1352/files/Reconstructions/synth_aCconds_5m_R_01_recipe058_summary.tif",13.38,"synth_aCconds_5m_R_01_recipe058_summary.tif","D://Alliance/FRDR/Curation/2025/1352/files/Reconstructions",37190688,"2025:07:24 10:24:22-04:00","2025:10:14 11:50:08-04:00","2025:07:24 10:24:18-04:00",100666,"TIFF","TIF","image/tiff","II",4780,3244,16,5,1,"synth_aCconds_5m_R_01_recipe058",8,1,3244,37190498,1,1,"4780 3244",15.50632
"D://Alliance/FRDR/Curation/2025/1352/files/Reconstructions/synth_aCconds_5m_R_01_recipe059_summary.tif",13.38,"synth_aCconds_5m_R_01_recipe059_summary.tif","D://Alliance/FRDR/Curation/2025/1352/files/Reconstructions",37179516,"2025:07:24 10:24:23-04:00","2025:10:14 11:50:08-04:00","2025:07:24 10:24:20-04:00",100666,"TIFF","TIF","image/tiff","II",4780,3244,16,5,1,"synth_aCconds_5m_R_01_recipe059",8,1,3244,37179325,1,1,"4780 3244",15.50632
"D://Alliance/FRDR/Curation/2025/1352/files/Reconstructions/synth_aCconds_5m_R_01_recipe060_summary.tif",13.38,"synth_aCconds_5m_R_01_recipe060_summary.tif","D://Alliance/FRDR/Curation/2025/1352/files/Reconstructions",37243792,"2025:07:24 10:24:18-04:00","2025:10:14 11:50:09-04:00","2025:07:24 10:24:16-04:00",100666,"TIFF","TIF","image/tiff","II",4780,3244,16,5,1,"synth_aCconds_5m_R_01_recipe060",8,1,3244,37243601,1,1,"4780 3244",15.50632
"D://Alliance/FRDR/Curation/2025/1352/files/Reconstructions/synth_demo01_R_01_recipe023_summary.tif",13.38,"synth_demo01_R_01_recipe023_summary.tif","D://Alliance/FRDR/Curation/2025/1352/files/Reconstructions",10110128,"2025:07:24 10:24:28-04:00","2025:10:14 11:50:09-04:00","2025:07:24 10:24:26-04:00",100666,"TIFF","TIF","image/tiff","II",2472,1706,16,5,1,"synth_demo01_R_01_recipe023",8,1,1706,10109942,1,1,"2472 1706",4.217232
"D://Alliance/FRDR/Curation/2025/1352/files/Reconstructions/synth_MoS2conds_10m_R_01_recipe032_summary.tif",13.38,"synth_MoS2conds_10m_R_01_recipe032_summary.tif","D://Alliance/FRDR/Curation/2025/1352/files/Reconstructions",63935023,"2025:07:24 10:23:24-04:00","2025:10:14 11:50:09-04:00","2025:07:24 10:23:21-04:00",100666,"TIFF","TIF","image/tiff","II",6368,4318,16,5,1,"synth_MoS2conds_10m_R_01_recipe032",8,1,4318,63934829,1,1,"6368 4318",27.497024
"D://Alliance/FRDR/Curation/2025/1352/files/Reconstructions/synth_MoS2conds_10m_R_01_recipe033_summary.tif",13.38,"synth_MoS2conds_10m_R_01_recipe033_summary.tif","D://Alliance/FRDR/Curation/2025/1352/files/Reconstructions",64451677,"2025:07:24 10:23:24-04:00","2025:10:14 11:50:09-04:00","2025:07:24 10:23:20-04:00",100666,"TIFF","TIF","image/tiff","II",6368,4318,16,5,1,"synth_MoS2conds_10m_R_01_recipe033",8,1,4318,64451483,1,1,"6368 4318",27.497024
"D://Alliance/FRDR/Curation/2025/1352/files/Reconstructions/synth_MoS2conds_10m_R_01_recipe034_summary.tif",13.38,"synth_MoS2conds_10m_R_01_recipe034_summary.tif","D://Alliance/FRDR/Curation/2025/1352/files/Reconstructions",64562401,"2025:07:24 10:23:34-04:00","2025:10:14 11:50:10-04:00","2025:07:24 10:23:17-04:00",100666,"TIFF","TIF","image/tiff","II",6368,4318,16,5,1,"synth_MoS2conds_10m_R_01_recipe034",8,1,4318,64562208,1,1,"6368 4318",27.497024
"D://Alliance/FRDR/Curation/2025/1352/files/Reconstructions/synth_MoS2conds_10m_R_01_recipe035_summary.tif",13.38,"synth_MoS2conds_10m_R_01_recipe035_summary.tif","D://Alliance/FRDR/Curation/2025/1352/files/Reconstructions",64533127,"2025:07:24 10:23:26-04:00","2025:10:14 11:50:10-04:00","2025:07:24 10:23:18-04:00",100666,"TIFF","TIF","image/tiff","II",6368,4318,16,5,1,"synth_MoS2conds_10m_R_01_recipe035",8,1,4318,64532934,1,1,"6368 4318",27.497024
"D://Alliance/FRDR/Curation/2025/1352/files/Reconstructions/synth_MoS2conds_10m_R_01_recipe036_summary.tif",13.38,"synth_MoS2conds_10m_R_01_recipe036_summary.tif","D://Alliance/FRDR/Curation/2025/1352/files/Reconstructions",64657811,"2025:07:24 10:23:20-04:00","2025:10:14 11:50:10-04:00","2025:07:24 10:23:17-04:00",100666,"TIFF","TIF","image/tiff","II",6368,4318,16,5,1,"synth_MoS2conds_10m_R_01_recipe036",8,1,4318,64657618,1,1,"6368 4318",27.497024
"D://Alliance/FRDR/Curation/2025/1352/files/Reconstructions/synth_MoS2conds_20m_R_01_recipe026_summary.tif",13.38,"synth_MoS2conds_20m_R_01_recipe026_summary.tif","D://Alliance/FRDR/Curation/2025/1352/files/Reconstructions",62872855,"2025:07:24 10:23:28-04:00","2025:10:14 11:50:11-04:00","2025:07:24 10:23:24-04:00",100666,"TIFF","TIF","image/tiff","II",6370,4320,16,5,1,"synth_MoS2conds_20m_R_01_recipe026",8,1,4320,62872661,1,1,"6370 4320",27.5184
"D://Alliance/FRDR/Curation/2025/1352/files/Reconstructions/synth_MoS2conds_20m_R_01_recipe027_summary.tif",13.38,"synth_MoS2conds_20m_R_01_recipe027_summary.tif","D://Alliance/FRDR/Curation/2025/1352/files/Reconstructions",64848845,"2025:07:24 10:23:18-04:00","2025:10:14 11:50:11-04:00","2025:07:24 10:23:13-04:00",100666,"TIFF","TIF","image/tiff","II",6370,4320,16,5,1,"synth_MoS2conds_20m_R_01_recipe027",8,1,4320,64848651,1,1,"6370 4320",27.5184
"D://Alliance/FRDR/Curation/2025/1352/files/Reconstructions/synth_MoS2conds_20m_R_01_recipe028_summary.tif",13.38,"synth_MoS2conds_20m_R_01_recipe028_summary.tif","D://Alliance/FRDR/Curation/2025/1352/files/Reconstructions",65018099,"2025:07:24 10:23:10-04:00","2025:10:14 11:50:12-04:00","2025:07:24 10:23:04-04:00",100666,"TIFF","TIF","image/tiff","II",6370,4320,16,5,1,"synth_MoS2conds_20m_R_01_recipe028",8,1,4320,65017905,1,1,"6370 4320",27.5184
"D://Alliance/FRDR/Curation/2025/1352/files/Reconstructions/synth_MoS2conds_20m_R_01_recipe029_summary.tif",13.38,"synth_MoS2conds_20m_R_01_recipe029_summary.tif","D://Alliance/FRDR/Curation/2025/1352/files/Reconstructions",65049535,"2025:07:24 10:23:12-04:00","2025:10:14 11:50:12-04:00","2025:07:24 10:23:04-04:00",100666,"TIFF","TIF","image/tiff","II",6370,4320,16,5,1,"synth_MoS2conds_20m_R_01_recipe029",8,1,4320,65049342,1,1,"6370 4320",27.5184
"D://Alliance/FRDR/Curation/2025/1352/files/Reconstructions/synth_MoS2conds_20m_R_01_recipe030_summary.tif",13.38,"synth_MoS2conds_20m_R_01_recipe030_summary.tif","D://Alliance/FRDR/Curation/2025/1352/files/Reconstructions",65103949,"2025:07:24 10:23:04-04:00","2025:10:14 11:50:12-04:00","2025:07:24 10:23:01-04:00",100666,"TIFF","TIF","image/tiff","II",6370,4320,16,5,1,"synth_MoS2conds_20m_R_01_recipe030",8,1,4320,65103755,1,1,"6370 4320",27.5184
"D://Alliance/FRDR/Curation/2025/1352/files/Reconstructions/synth_MoS2conds_5m_R_01_recipe038_summary.tif",13.38,"synth_MoS2conds_5m_R_01_recipe038_summary.tif","D://Alliance/FRDR/Curation/2025/1352/files/Reconstructions",64750270,"2025:07:24 10:23:20-04:00","2025:10:14 11:50:13-04:00","2025:07:24 10:23:13-04:00",100666,"TIFF","TIF","image/tiff","II",6368,4316,16,5,1,"synth_MoS2conds_5m_R_01_recipe038",8,1,4316,64750077,1,1,"6368 4316",27.484288
"D://Alliance/FRDR/Curation/2025/1352/files/Reconstructions/synth_MoS2conds_5m_R_01_recipe039_summary.tif",13.38,"synth_MoS2conds_5m_R_01_recipe039_summary.tif","D://Alliance/FRDR/Curation/2025/1352/files/Reconstructions",64902948,"2025:07:24 10:23:16-04:00","2025:10:14 11:50:13-04:00","2025:07:24 10:23:12-04:00",100666,"TIFF","TIF","image/tiff","II",6368,4316,16,5,1,"synth_MoS2conds_5m_R_01_recipe039",8,1,4316,64902755,1,1,"6368 4316",27.484288
"D://Alliance/FRDR/Curation/2025/1352/files/Reconstructions/synth_MoS2conds_5m_R_01_recipe040_summary.tif",13.38,"synth_MoS2conds_5m_R_01_recipe040_summary.tif","D://Alliance/FRDR/Curation/2025/1352/files/Reconstructions",64943686,"2025:07:24 10:23:13-04:00","2025:10:14 11:50:14-04:00","2025:07:24 10:23:10-04:00",100666,"TIFF","TIF","image/tiff","II",6368,4316,16,5,1,"synth_MoS2conds_5m_R_01_recipe040",8,1,4316,64943493,1,1,"6368 4316",27.484288
"D://Alliance/FRDR/Curation/2025/1352/files/Reconstructions/synth_MoS2conds_5m_R_01_recipe041_summary.tif",13.38,"synth_MoS2conds_5m_R_01_recipe041_summary.tif","D://Alliance/FRDR/Curation/2025/1352/files/Reconstructions",64988258,"2025:07:24 10:23:13-04:00","2025:10:14 11:50:14-04:00","2025:07:24 10:23:07-04:00",100666,"TIFF","TIF","image/tiff","II",6368,4316,16,5,1,"synth_MoS2conds_5m_R_01_recipe041",8,1,4316,64988066,1,1,"6368 4316",27.484288
"D://Alliance/FRDR/Curation/2025/1352/files/Reconstructions/synth_MoS2conds_5m_R_01_recipe042_summary.tif",13.38,"synth_MoS2conds_5m_R_01_recipe042_summary.tif","D://Alliance/FRDR/Curation/2025/1352/files/Reconstructions",64983586,"2025:07:24 10:23:17-04:00","2025:10:14 11:50:14-04:00","2025:07:24 10:23:07-04:00",100666,"TIFF","TIF","image/tiff","II",6368,4316,16,5,1,"synth_MoS2conds_5m_R_01_recipe042",8,1,4316,64983393,1,1,"6368 4316",27.484288
