"FileName","SheetName","Dimensions","HeaderPreview","IsMacro","HiddenSheets","Format","LikelyNonTabular","Status"
"41467_2025_65055_MOESM9_ESM.xlsx","Fig2a-FA","48 x 5","White matter tracts | Beta | T-value | P-value | P-bof",FALSE,"Unknown (Legacy)","XML (Modern)",FALSE,"Success"
"41467_2025_65055_MOESM9_ESM.xlsx","Fig2b-FA","11042 x 3","Count_Greater_Than_2.6 | Count_Less_Than_-2.6 | d factor score",FALSE,"Unknown (Legacy)","XML (Modern)",FALSE,"Success"
"41467_2025_65055_MOESM9_ESM.xlsx","Fig2a-GM","139 x 5","Grey matter region | Beta | T-value | P-value | P-bof",FALSE,"Unknown (Legacy)","XML (Modern)",FALSE,"Success"
"41467_2025_65055_MOESM9_ESM.xlsx","Fig2b-GMV","11042 x 3","Count_Greater_Than_2.6 | Count_Less_Than_-2.6 | d factor score",FALSE,"Unknown (Legacy)","XML (Modern)",FALSE,"Success"
"41467_2025_65055_MOESM9_ESM.xlsx","Fig3b","82 x 8","Category | GeneSet | N_genes | N_overlap | p ...",FALSE,"Unknown (Legacy)","XML (Modern)",FALSE,"Success"
"41467_2025_65055_MOESM9_ESM.xlsx","Fig3c","11 x 10","Category | ID | Name | p-value | q-value Bonferroni ...",FALSE,"Unknown (Legacy)","XML (Modern)",FALSE,"Success"
"41467_2025_65055_MOESM9_ESM.xlsx","Fig3d","34 x 5","Feature | rg | se | P_value_original | P_value_FDR",FALSE,"Unknown (Legacy)","XML (Modern)",FALSE,"Success"
"41467_2025_65055_MOESM9_ESM.xlsx","Fig4-MR","16 x 23","SNP | effect_allele.exposure | other_allele.exposure | samplesize.exposure | eaf.exposure ...",FALSE,"Unknown (Legacy)","XML (Modern)",FALSE,"Success"
"41467_2025_65055_MOESM9_ESM.xlsx","Fig4-FA","10383 x 52","anterior corona radiata (left) | anterior corona radiata (right) | anterior limb of internal capsule (left) | anterior limb of internal capsule (right) | body of corpus callosum ...",FALSE,"Unknown (Legacy)","XML (Modern)",FALSE,"Success"
"41467_2025_65055_MOESM9_ESM.xlsx","Fig4-GMV","10383 x 143","Amygdala (left) | Amygdala (right) | Angular Gyrus (left) | Angular Gyrus (right) | Brain-Stem ...",FALSE,"Unknown (Legacy)","XML (Modern)",FALSE,"Success"
"41467_2025_65055_MOESM9_ESM.xlsx","Fig-S1","301 x 1","> summary(fit,fit.measures=TRUE, rsquare = TRUE,standardized = TRUE)",FALSE,"Unknown (Legacy)","XML (Modern)",TRUE,"Success"
"41467_2025_65055_MOESM9_ESM.xlsx","Fig-S2a","90 x 5","source_id | target_id | Value | Source | Target",FALSE,"Unknown (Legacy)","XML (Modern)",FALSE,"Success"
"41467_2025_65055_MOESM9_ESM.xlsx","Fig-S2b","21256 x 2","dis count | ESEM_D",FALSE,"Unknown (Legacy)","XML (Modern)",FALSE,"Success"
"41467_2025_65055_MOESM9_ESM.xlsx","Fig-S3-FA","48 x 4","ID in UKB | Index in atlas | Brain_Region | Mean_z_score",FALSE,"Unknown (Legacy)","XML (Modern)",FALSE,"Success"
"41467_2025_65055_MOESM9_ESM.xlsx","Fig-S3-GMV","139 x 4","ID in UKB | Index in atlas | Brain_Region | Mean_z_score",FALSE,"Unknown (Legacy)","XML (Modern)",FALSE,"Success"
"41467_2025_65055_MOESM9_ESM.xlsx","Fig-S4","11 x 23","SNP | effect_allele.exposure | other_allele.exposure | samplesize.exposure | eaf.exposure ...",FALSE,"Unknown (Legacy)","XML (Modern)",FALSE,"Success"
"41467_2025_65141_MOESM4_ESM.xlsx","Figure 1b","10 x 3","Figure 1b |  | ",FALSE,"Unknown (Legacy)","XML (Modern)",FALSE,"Success"
"41467_2025_65141_MOESM4_ESM.xlsx","Figure 1c","0 x 1","Figure 1c",FALSE,"Unknown (Legacy)","XML (Modern)",TRUE,"Success"
"41467_2025_65141_MOESM4_ESM.xlsx","Figure 1e","11 x 2","Figure 1e | ",FALSE,"Unknown (Legacy)","XML (Modern)",FALSE,"Success"
"41467_2025_65141_MOESM4_ESM.xlsx","Figure 1g","66 x 2","Figure 1g | ",FALSE,"Unknown (Legacy)","XML (Modern)",FALSE,"Success"
"41467_2025_65141_MOESM4_ESM.xlsx","Figure 1h","66 x 2","Figure 1h | ",FALSE,"Unknown (Legacy)","XML (Modern)",FALSE,"Success"
"41467_2025_65141_MOESM4_ESM.xlsx","Figure 1i","0 x 1","Figure 1i",FALSE,"Unknown (Legacy)","XML (Modern)",TRUE,"Success"
"41467_2025_65141_MOESM4_ESM.xlsx","Figure 1k","5 x 2","Figure 1k | ",FALSE,"Unknown (Legacy)","XML (Modern)",FALSE,"Success"
"41467_2025_65141_MOESM4_ESM.xlsx","Figure 2a","8 x 11","Figure 2a |  |  |  |  ...",FALSE,"Unknown (Legacy)","XML (Modern)",FALSE,"Success"
"41467_2025_65141_MOESM4_ESM.xlsx","Figure 2b","9 x 8","Figure 2b |  |  |  |  ...",FALSE,"Unknown (Legacy)","XML (Modern)",FALSE,"Success"
"41467_2025_65141_MOESM4_ESM.xlsx","Figure 2d","8 x 5","Figure 2d |  |  |  | ",FALSE,"Unknown (Legacy)","XML (Modern)",FALSE,"Success"
"41467_2025_65141_MOESM4_ESM.xlsx","Figure 2c","0 x 1","Figure 2c",FALSE,"Unknown (Legacy)","XML (Modern)",TRUE,"Success"
"41467_2025_65141_MOESM4_ESM.xlsx","Figure 2f","8 x 2","Figure 2f | ",FALSE,"Unknown (Legacy)","XML (Modern)",FALSE,"Success"
"41467_2025_65141_MOESM4_ESM.xlsx","Figure 2h","8 x 2","Figure 2h | ",FALSE,"Unknown (Legacy)","XML (Modern)",FALSE,"Success"
"41467_2025_65141_MOESM4_ESM.xlsx","Figure 2j","8 x 2","Figure 2j | ",FALSE,"Unknown (Legacy)","XML (Modern)",FALSE,"Success"
"41467_2025_65141_MOESM4_ESM.xlsx","Figure 2l","8 x 2","Figure 2l | ",FALSE,"Unknown (Legacy)","XML (Modern)",FALSE,"Success"
"41467_2025_65141_MOESM4_ESM.xlsx","Figure 2m","0 x 1","Figure 2m",FALSE,"Unknown (Legacy)","XML (Modern)",TRUE,"Success"
"41467_2025_65141_MOESM4_ESM.xlsx","Figure 2n","6 x 2","Figure 2n | ",FALSE,"Unknown (Legacy)","XML (Modern)",FALSE,"Success"
"41467_2025_65141_MOESM4_ESM.xlsx","Figure 2o","15 x 8","Figure 2o |  |  |  |  ...",FALSE,"Unknown (Legacy)","XML (Modern)",FALSE,"Success"
"41467_2025_65141_MOESM4_ESM.xlsx","Figure 2r","39 x 12","Figure 2r | ",FALSE,"Unknown (Legacy)","XML (Modern)",FALSE,"Success"
"41467_2025_65141_MOESM4_ESM.xlsx","Figure 2s","7 x 2","Figure 2s | ",FALSE,"Unknown (Legacy)","XML (Modern)",FALSE,"Success"
"41467_2025_65141_MOESM4_ESM.xlsx","Figure 3b","55 x 6","Figure 3b |  |  |  |  ...",FALSE,"Unknown (Legacy)","XML (Modern)",FALSE,"Success"
"41467_2025_65141_MOESM4_ESM.xlsx","Figure 3c","54 x 6","Figure 3c |  |  |  |  ...",FALSE,"Unknown (Legacy)","XML (Modern)",FALSE,"Success"
"41467_2025_65141_MOESM4_ESM.xlsx","Figure 3f","8 x 2","Figure 3f | ",FALSE,"Unknown (Legacy)","XML (Modern)",FALSE,"Success"
"41467_2025_65141_MOESM4_ESM.xlsx","Figure 3h","0 x 1","Figure 3h",FALSE,"Unknown (Legacy)","XML (Modern)",TRUE,"Success"
"41467_2025_65141_MOESM4_ESM.xlsx","Figure 3i","15 x 9","Figure 3i |  |  |  |  ...",FALSE,"Unknown (Legacy)","XML (Modern)",FALSE,"Success"
"41467_2025_65141_MOESM4_ESM.xlsx","Figure 3j","6 x 2","Figure 3j | ",FALSE,"Unknown (Legacy)","XML (Modern)",FALSE,"Success"
"41467_2025_65141_MOESM4_ESM.xlsx","Figure 3k","6 x 2","Figure 3k | ",FALSE,"Unknown (Legacy)","XML (Modern)",FALSE,"Success"
"41467_2025_65141_MOESM4_ESM.xlsx","Figure 4b","8 x 2","Figure 4b | ",FALSE,"Unknown (Legacy)","XML (Modern)",FALSE,"Success"
"41467_2025_65141_MOESM4_ESM.xlsx","Figure 4c","8 x 2","Figure 4c | ",FALSE,"Unknown (Legacy)","XML (Modern)",FALSE,"Success"
"41467_2025_65141_MOESM4_ESM.xlsx","Figure 4e","0 x 1","Figure 4e",FALSE,"Unknown (Legacy)","XML (Modern)",TRUE,"Success"
"41467_2025_65141_MOESM4_ESM.xlsx","Figure 4f","9 x 2","Figure 4f | ",FALSE,"Unknown (Legacy)","XML (Modern)",FALSE,"Success"
"41467_2025_65141_MOESM4_ESM.xlsx","Figure 4g","15 x 13","Figure 4g |  |  |  |  ...",FALSE,"Unknown (Legacy)","XML (Modern)",FALSE,"Success"
"41467_2025_65141_MOESM4_ESM.xlsx","Figure 4h","5 x 13","Figure 4h |  |  |  |  ...",FALSE,"Unknown (Legacy)","XML (Modern)",FALSE,"Success"
"41467_2025_65141_MOESM4_ESM.xlsx","Figure 4i","5 x 13","Figure 4i |  |  |  |  ...",FALSE,"Unknown (Legacy)","XML (Modern)",FALSE,"Success"
"41467_2025_65141_MOESM4_ESM.xlsx","Figure 5a","0 x 1","Figure 5a",FALSE,"Unknown (Legacy)","XML (Modern)",TRUE,"Success"
"41467_2025_65141_MOESM4_ESM.xlsx","Figure 5b","0 x 1","Figure 5b",FALSE,"Unknown (Legacy)","XML (Modern)",TRUE,"Success"
"41467_2025_65141_MOESM4_ESM.xlsx","Figure 5c","0 x 1","Figure 5c",FALSE,"Unknown (Legacy)","XML (Modern)",TRUE,"Success"
"41467_2025_65141_MOESM4_ESM.xlsx","Figure 5d","0 x 1","Figure 5d",FALSE,"Unknown (Legacy)","XML (Modern)",TRUE,"Success"
"41467_2025_65141_MOESM4_ESM.xlsx","Figure 5e","0 x 1","Figure 5e",FALSE,"Unknown (Legacy)","XML (Modern)",TRUE,"Success"
"41467_2025_65141_MOESM4_ESM.xlsx","Figure 5f","0 x 1","Figure 5f",FALSE,"Unknown (Legacy)","XML (Modern)",TRUE,"Success"
"41467_2025_65141_MOESM4_ESM.xlsx","Figure 5g","0 x 1","Figure 5g",FALSE,"Unknown (Legacy)","XML (Modern)",TRUE,"Success"
"41467_2025_65141_MOESM4_ESM.xlsx","Figure 5h","7 x 3","Figure 5h |  | ",FALSE,"Unknown (Legacy)","XML (Modern)",FALSE,"Success"
"41467_2025_65141_MOESM4_ESM.xlsx","Figure 5i","5 x 3","Figure 5i |  | ",FALSE,"Unknown (Legacy)","XML (Modern)",FALSE,"Success"
"41467_2025_65141_MOESM4_ESM.xlsx","Figure 5j","0 x 1","Figure 5j",FALSE,"Unknown (Legacy)","XML (Modern)",TRUE,"Success"
"41467_2025_65141_MOESM4_ESM.xlsx","Figure 5k","6 x 2","Figure 5k | ",FALSE,"Unknown (Legacy)","XML (Modern)",FALSE,"Success"
"41467_2025_65141_MOESM4_ESM.xlsx","Figure 5l","6 x 2","Figure 5l | ",FALSE,"Unknown (Legacy)","XML (Modern)",FALSE,"Success"
"41467_2025_65141_MOESM4_ESM.xlsx","Figure 5m","0 x 1","Figure 5m",FALSE,"Unknown (Legacy)","XML (Modern)",TRUE,"Success"
"41467_2025_65141_MOESM4_ESM.xlsx","Figure 6a","0 x 1","Figure 6a",FALSE,"Unknown (Legacy)","XML (Modern)",TRUE,"Success"
"41467_2025_65141_MOESM4_ESM.xlsx","Figure 6b","0 x 1","Figure 6b",FALSE,"Unknown (Legacy)","XML (Modern)",TRUE,"Success"
"41467_2025_65141_MOESM4_ESM.xlsx","Figure 6c","0 x 1","Figure 6c",FALSE,"Unknown (Legacy)","XML (Modern)",TRUE,"Success"
"41467_2025_65141_MOESM4_ESM.xlsx","Figure 6d","0 x 1","Figure 6d",FALSE,"Unknown (Legacy)","XML (Modern)",TRUE,"Success"
"41467_2025_65141_MOESM4_ESM.xlsx","Figure 6f","65 x 2","Figure 6f | ",FALSE,"Unknown (Legacy)","XML (Modern)",FALSE,"Success"
"41467_2025_65141_MOESM4_ESM.xlsx","Figure 6g","65 x 2","Figure 6g | ",FALSE,"Unknown (Legacy)","XML (Modern)",FALSE,"Success"
"41467_2025_65141_MOESM4_ESM.xlsx","Figure 6i","8 x 2","Figure 6i | ",FALSE,"Unknown (Legacy)","XML (Modern)",FALSE,"Success"
"41467_2025_65141_MOESM4_ESM.xlsx","Figure 6k","8 x 2","Figure 6k | ",FALSE,"Unknown (Legacy)","XML (Modern)",FALSE,"Success"
"41467_2025_65141_MOESM4_ESM.xlsx","Figure 6m","8 x 2","Figure 6m | ",FALSE,"Unknown (Legacy)","XML (Modern)",FALSE,"Success"
"41467_2025_65141_MOESM4_ESM.xlsx","Figure 6o","8 x 2","Figure 6o | ",FALSE,"Unknown (Legacy)","XML (Modern)",FALSE,"Success"
"41467_2025_65141_MOESM4_ESM.xlsx","Figure 6p","0 x 1","Figure 6p",FALSE,"Unknown (Legacy)","XML (Modern)",TRUE,"Success"
"41467_2025_65141_MOESM4_ESM.xlsx","Figure 6q","7 x 2","Figure 6q | ",FALSE,"Unknown (Legacy)","XML (Modern)",FALSE,"Success"
"41467_2025_65141_MOESM4_ESM.xlsx","Figure 6r","15 x 10","Figure 6r |  |  |  |  ...",FALSE,"Unknown (Legacy)","XML (Modern)",FALSE,"Success"
"41467_2025_65141_MOESM4_ESM.xlsx","Figure 7b","8 x 3","Figure 7b |  | ",FALSE,"Unknown (Legacy)","XML (Modern)",FALSE,"Success"
"41467_2025_65141_MOESM4_ESM.xlsx","Figure 7d","7 x 3","Figure 7d |  | ",FALSE,"Unknown (Legacy)","XML (Modern)",FALSE,"Success"
"41467_2025_65141_MOESM4_ESM.xlsx","Figure 7e","0 x 1","Figure 7e",FALSE,"Unknown (Legacy)","XML (Modern)",TRUE,"Success"
"41467_2025_65141_MOESM4_ESM.xlsx","Figure 7f","7 x 11","Figure 7f |  |  |  |  ...",FALSE,"Unknown (Legacy)","XML (Modern)",FALSE,"Success"
"41467_2025_65141_MOESM4_ESM.xlsx","Figure 7g","8 x 2","Figure 7g | ",FALSE,"Unknown (Legacy)","XML (Modern)",FALSE,"Success"
"41467_2025_65141_MOESM4_ESM.xlsx","Figure 7i","8 x 3","Figure 7i |  | ",FALSE,"Unknown (Legacy)","XML (Modern)",FALSE,"Success"
"41467_2025_65141_MOESM4_ESM.xlsx","Figure 7j","8 x 3","Figure 7j |  | ",FALSE,"Unknown (Legacy)","XML (Modern)",FALSE,"Success"
"41467_2025_65141_MOESM4_ESM.xlsx","Figure 7l","8 x 3","Figure 7l |  | ",FALSE,"Unknown (Legacy)","XML (Modern)",FALSE,"Success"
"41467_2025_65141_MOESM4_ESM.xlsx","Figure 7m","11 x 3","Figure 7m |  | ",FALSE,"Unknown (Legacy)","XML (Modern)",FALSE,"Success"
"41467_2025_65141_MOESM4_ESM.xlsx","Figure 7n","6 x 3","Figure 7n |  | ",FALSE,"Unknown (Legacy)","XML (Modern)",FALSE,"Success"
"41467_2025_65141_MOESM4_ESM.xlsx","Figure S1a","0 x 1","Figure S1a",FALSE,"Unknown (Legacy)","XML (Modern)",TRUE,"Success"
"41467_2025_65141_MOESM4_ESM.xlsx","Figure S1b","6 x 3","Figure S1b |  | ",FALSE,"Unknown (Legacy)","XML (Modern)",FALSE,"Success"
"41467_2025_65141_MOESM4_ESM.xlsx","Figure S1c","10 x 3","Figure S1c |  | ",FALSE,"Unknown (Legacy)","XML (Modern)",FALSE,"Success"
"41467_2025_65141_MOESM4_ESM.xlsx","Figure S1d","9 x 11","Figure S1d |  |  |  |  ...",FALSE,"Unknown (Legacy)","XML (Modern)",FALSE,"Success"
"41467_2025_65141_MOESM4_ESM.xlsx","Figure S1e","0 x 1","Figure S1e",FALSE,"Unknown (Legacy)","XML (Modern)",TRUE,"Success"
"41467_2025_65141_MOESM4_ESM.xlsx","Figure S1f","6 x 3","Figure S1f |  | ",FALSE,"Unknown (Legacy)","XML (Modern)",FALSE,"Success"
"41467_2025_65141_MOESM4_ESM.xlsx","Figure S1g","6 x 19","Figure S1g |  |  |  |  ...",FALSE,"Unknown (Legacy)","XML (Modern)",FALSE,"Success"
"41467_2025_65141_MOESM4_ESM.xlsx","Figure S1h","6 x 19","Figure S1h |  |  |  |  ...",FALSE,"Unknown (Legacy)","XML (Modern)",FALSE,"Success"
"41467_2025_65141_MOESM4_ESM.xlsx","Figure S1i","6 x 19","Figure S1i |  |  |  |  ...",FALSE,"Unknown (Legacy)","XML (Modern)",FALSE,"Success"
"41467_2025_65141_MOESM4_ESM.xlsx","Figure S1l","6 x 2","Figure S1l | ",FALSE,"Unknown (Legacy)","XML (Modern)",FALSE,"Success"
"41467_2025_65141_MOESM4_ESM.xlsx","Figure S1m","6 x 2","Figure S1m | ",FALSE,"Unknown (Legacy)","XML (Modern)",FALSE,"Success"
"41467_2025_65141_MOESM4_ESM.xlsx","Figure S2a","0 x 1","Figure S2a",FALSE,"Unknown (Legacy)","XML (Modern)",TRUE,"Success"
"41467_2025_65141_MOESM4_ESM.xlsx","Figure S2b","5 x 3","Figure S2b |  | ",FALSE,"Unknown (Legacy)","XML (Modern)",FALSE,"Success"
"41467_2025_65141_MOESM4_ESM.xlsx","Figure S2c","5 x 3","Figure S2c |  | ",FALSE,"Unknown (Legacy)","XML (Modern)",FALSE,"Success"
"41467_2025_65141_MOESM4_ESM.xlsx","Figure S2d","0 x 1","Figure S2d",FALSE,"Unknown (Legacy)","XML (Modern)",TRUE,"Success"
"41467_2025_65141_MOESM4_ESM.xlsx","Figure S2e","0 x 1","Figure S2e",FALSE,"Unknown (Legacy)","XML (Modern)",TRUE,"Success"
"41467_2025_65141_MOESM4_ESM.xlsx","Figure S2g","8 x 2","Figure S2g | ",FALSE,"Unknown (Legacy)","XML (Modern)",FALSE,"Success"
"41467_2025_65141_MOESM4_ESM.xlsx","Figure S2j","6 x 2","Figure S2j | ",FALSE,"Unknown (Legacy)","XML (Modern)",FALSE,"Success"
"41467_2025_65141_MOESM4_ESM.xlsx","Figure S2k","5 x 12","Figure S2k |  |  |  |  ...",FALSE,"Unknown (Legacy)","XML (Modern)",FALSE,"Success"
"41467_2025_65141_MOESM4_ESM.xlsx","Figure S2l","10 x 11","Figure S2l |  |  |  |  ...",FALSE,"Unknown (Legacy)","XML (Modern)",FALSE,"Success"
"41467_2025_65141_MOESM4_ESM.xlsx","Figure S2o","6 x 3","Figure S2o |  | ",FALSE,"Unknown (Legacy)","XML (Modern)",FALSE,"Success"
"41467_2025_65141_MOESM4_ESM.xlsx","Figure S3b","0 x 1","Figure S3b",FALSE,"Unknown (Legacy)","XML (Modern)",TRUE,"Success"
"41467_2025_65141_MOESM4_ESM.xlsx","Figure S3c","8 x 2","Figure S3c | ",FALSE,"Unknown (Legacy)","XML (Modern)",FALSE,"Success"
"41467_2025_65141_MOESM4_ESM.xlsx","Figure S3e","6 x 2","Figure S3e | ",FALSE,"Unknown (Legacy)","XML (Modern)",FALSE,"Success"
"41467_2025_65141_MOESM4_ESM.xlsx","Figure S3f","0 x 1","Figure S3f",FALSE,"Unknown (Legacy)","XML (Modern)",TRUE,"Success"
"41467_2025_65141_MOESM4_ESM.xlsx","Figure S3g","10 x 8","Figure S3g |  |  |  |  ...",FALSE,"Unknown (Legacy)","XML (Modern)",FALSE,"Success"
"41467_2025_65141_MOESM4_ESM.xlsx","Figure S3i","8 x 2","Figure S3i | ",FALSE,"Unknown (Legacy)","XML (Modern)",FALSE,"Success"
"41467_2025_65141_MOESM4_ESM.xlsx","Figure S3j","0 x 1","Figure S3j",FALSE,"Unknown (Legacy)","XML (Modern)",TRUE,"Success"
"41467_2025_65141_MOESM4_ESM.xlsx","Figure S3k","7 x 2","Figure S3k | ",FALSE,"Unknown (Legacy)","XML (Modern)",FALSE,"Success"
"41467_2025_65141_MOESM4_ESM.xlsx","Figure S3l","15 x 11","Figure S3l |  |  |  |  ...",FALSE,"Unknown (Legacy)","XML (Modern)",FALSE,"Success"
"41467_2025_65141_MOESM4_ESM.xlsx","Figure S3m","5 x 2","Figure S3m | ",FALSE,"Unknown (Legacy)","XML (Modern)",FALSE,"Success"
"41467_2025_65141_MOESM4_ESM.xlsx","Figure S4b","6 x 4","Figure S4b |  |  | ",FALSE,"Unknown (Legacy)","XML (Modern)",FALSE,"Success"
"41467_2025_65141_MOESM4_ESM.xlsx","Figure S4f","8 x 2","Figure S4f | ",FALSE,"Unknown (Legacy)","XML (Modern)",FALSE,"Success"
"41467_2025_65141_MOESM4_ESM.xlsx","Figure S4h","8 x 2","Figure S4h | ",FALSE,"Unknown (Legacy)","XML (Modern)",FALSE,"Success"
"41467_2025_65141_MOESM4_ESM.xlsx","Figure S4j","8 x 2","Figure S4j | ",FALSE,"Unknown (Legacy)","XML (Modern)",FALSE,"Success"
"41467_2025_65141_MOESM4_ESM.xlsx","Figure S4l","8 x 2","Figure S4l | ",FALSE,"Unknown (Legacy)","XML (Modern)",FALSE,"Success"
"41467_2025_65141_MOESM4_ESM.xlsx","Figure S4m","0 x 1","Figure S4m",FALSE,"Unknown (Legacy)","XML (Modern)",TRUE,"Success"
"41467_2025_65141_MOESM4_ESM.xlsx","Figure S4n","7 x 11","Figure S4n |  |  |  |  ...",FALSE,"Unknown (Legacy)","XML (Modern)",FALSE,"Success"
"41467_2025_65141_MOESM4_ESM.xlsx","Figure S5b","0 x 1","Figure S5b",FALSE,"Unknown (Legacy)","XML (Modern)",TRUE,"Success"
"41467_2025_65141_MOESM4_ESM.xlsx","Figure S5c","5 x 2","Figure S5c | ",FALSE,"Unknown (Legacy)","XML (Modern)",FALSE,"Success"
"41467_2025_65141_MOESM4_ESM.xlsx","Figure S5e","15 x 11","Figure S5e |  |  |  |  ...",FALSE,"Unknown (Legacy)","XML (Modern)",FALSE,"Success"
"41467_2025_65141_MOESM4_ESM.xlsx","Figure S5f","7 x 2","Figure S5f | ",FALSE,"Unknown (Legacy)","XML (Modern)",FALSE,"Success"
"41467_2025_65141_MOESM4_ESM.xlsx","Figure S5g","9 x 2","Figure S5g | ",FALSE,"Unknown (Legacy)","XML (Modern)",FALSE,"Success"
"41467_2025_65141_MOESM4_ESM.xlsx","Figure S5h","9 x 2","Figure S5h | ",FALSE,"Unknown (Legacy)","XML (Modern)",FALSE,"Success"
"41467_2025_65141_MOESM4_ESM.xlsx","Figure S5i","9 x 2","Figure S5i | ",FALSE,"Unknown (Legacy)","XML (Modern)",FALSE,"Success"
"41467_2025_65141_MOESM4_ESM.xlsx","Figure S6b","7 x 2","Figure S6b | ",FALSE,"Unknown (Legacy)","XML (Modern)",FALSE,"Success"
"41467_2025_65141_MOESM4_ESM.xlsx","Figure S6c","0 x 1","Figure S6c",FALSE,"Unknown (Legacy)","XML (Modern)",TRUE,"Success"
"41467_2025_65141_MOESM4_ESM.xlsx","Figure S6d","0 x 1","Figure S6d",FALSE,"Unknown (Legacy)","XML (Modern)",TRUE,"Success"
"41467_2025_65141_MOESM4_ESM.xlsx","Figure S6e","0 x 1","Figure S6e",FALSE,"Unknown (Legacy)","XML (Modern)",TRUE,"Success"
"41467_2025_65141_MOESM4_ESM.xlsx","Figure S6f","6 x 2","Figure S6f | ",FALSE,"Unknown (Legacy)","XML (Modern)",FALSE,"Success"
"41467_2025_65141_MOESM4_ESM.xlsx","Figure S6g","6 x 2","Figure S6g | ",FALSE,"Unknown (Legacy)","XML (Modern)",FALSE,"Success"
"41467_2025_65141_MOESM4_ESM.xlsx","Figure S6i","0 x 1","Figure S6i",FALSE,"Unknown (Legacy)","XML (Modern)",TRUE,"Success"
"41467_2025_65141_MOESM4_ESM.xlsx","Figure S6j","5 x 2","Figure S6j | ",FALSE,"Unknown (Legacy)","XML (Modern)",FALSE,"Success"
"41467_2025_65141_MOESM4_ESM.xlsx","Figure S6k","7 x 2","Figure S6k | ",FALSE,"Unknown (Legacy)","XML (Modern)",FALSE,"Success"
"41467_2025_65141_MOESM4_ESM.xlsx","Figure S6l","0 x 1","Figure S6l",FALSE,"Unknown (Legacy)","XML (Modern)",TRUE,"Success"
"41467_2025_65141_MOESM4_ESM.xlsx","Figure S6m","9 x 5","Figure S6m |  |  |  | ",FALSE,"Unknown (Legacy)","XML (Modern)",FALSE,"Success"
"41467_2025_65141_MOESM4_ESM.xlsx","Figure S7c","0 x 1","Figure S7c",FALSE,"Unknown (Legacy)","XML (Modern)",TRUE,"Success"
"41467_2025_65141_MOESM4_ESM.xlsx","Figure S7d","0 x 1","Figure S7d",FALSE,"Unknown (Legacy)","XML (Modern)",TRUE,"Success"
"41467_2025_65141_MOESM4_ESM.xlsx","Figure S7e","0 x 1","Figure S7e",FALSE,"Unknown (Legacy)","XML (Modern)",TRUE,"Success"
"41467_2025_65141_MOESM4_ESM.xlsx","Figure S7f","0 x 1","Figure S7f",FALSE,"Unknown (Legacy)","XML (Modern)",TRUE,"Success"
"41467_2025_65141_MOESM4_ESM.xlsx","Figure S7g","0 x 1","Figure S7g",FALSE,"Unknown (Legacy)","XML (Modern)",TRUE,"Success"
"41467_2025_65141_MOESM4_ESM.xlsx","Figure S7h","0 x 1","Figure S7h",FALSE,"Unknown (Legacy)","XML (Modern)",TRUE,"Success"
"41467_2025_65141_MOESM4_ESM.xlsx","Figure S7i","0 x 1","Figure S7i",FALSE,"Unknown (Legacy)","XML (Modern)",TRUE,"Success"
"41467_2025_65141_MOESM4_ESM.xlsx","Figure S7j","0 x 1","Figure S7j",FALSE,"Unknown (Legacy)","XML (Modern)",TRUE,"Success"
"41467_2025_65141_MOESM4_ESM.xlsx","Figure S7k","5 x 2","Figure S7k | ",FALSE,"Unknown (Legacy)","XML (Modern)",FALSE,"Success"
"41467_2025_65141_MOESM4_ESM.xlsx","Figure S7l","5 x 2","Figure S7l | ",FALSE,"Unknown (Legacy)","XML (Modern)",FALSE,"Success"
"41467_2025_65141_MOESM4_ESM.xlsx","Figure S7m","0 x 1","Figure S7m",FALSE,"Unknown (Legacy)","XML (Modern)",TRUE,"Success"
"41467_2025_65141_MOESM4_ESM.xlsx","Figure S7n","0 x 1","Figure S7n",FALSE,"Unknown (Legacy)","XML (Modern)",TRUE,"Success"
"41467_2025_65141_MOESM4_ESM.xlsx","Figure S7o","0 x 1","Figure S7o",FALSE,"Unknown (Legacy)","XML (Modern)",TRUE,"Success"
"41467_2025_65141_MOESM4_ESM.xlsx","Figure S8a","0 x 1","Figure S8a",FALSE,"Unknown (Legacy)","XML (Modern)",TRUE,"Success"
"41467_2025_65141_MOESM4_ESM.xlsx","Figure S8b","0 x 1","Figure S8b",FALSE,"Unknown (Legacy)","XML (Modern)",TRUE,"Success"
"41467_2025_65141_MOESM4_ESM.xlsx","Figure S8c","8 x 3","Figure S8c |  | ",FALSE,"Unknown (Legacy)","XML (Modern)",FALSE,"Success"
"41467_2025_65141_MOESM4_ESM.xlsx","Figure S8d","8 x 3","Figure S8d |  | ",FALSE,"Unknown (Legacy)","XML (Modern)",FALSE,"Success"
"41467_2025_65141_MOESM4_ESM.xlsx","Figure S8e","8 x 3","Figure S8e |  | ",FALSE,"Unknown (Legacy)","XML (Modern)",FALSE,"Success"
"41467_2025_65141_MOESM4_ESM.xlsx","Figure S8g","6 x 3","Figure S8g |  | ",FALSE,"Unknown (Legacy)","XML (Modern)",FALSE,"Success"
"41467_2025_65141_MOESM4_ESM.xlsx","Figure S8i","67 x 3","Figure S8i |  | ",FALSE,"Unknown (Legacy)","XML (Modern)",FALSE,"Success"
"41467_2025_65141_MOESM4_ESM.xlsx","Figure S8j","67 x 3","Figure S8j |  | ",FALSE,"Unknown (Legacy)","XML (Modern)",FALSE,"Success"
"41467_2025_65141_MOESM4_ESM.xlsx","Figure S8l","8 x 3","Figure S8l |  | ",FALSE,"Unknown (Legacy)","XML (Modern)",FALSE,"Success"
"41467_2025_65141_MOESM4_ESM.xlsx","Figure S8m","8 x 3","Figure S8m |  | ",FALSE,"Unknown (Legacy)","XML (Modern)",FALSE,"Success"
"41467_2025_65141_MOESM4_ESM.xlsx","Figure S8n","0 x 1","Figure S8n",FALSE,"Unknown (Legacy)","XML (Modern)",TRUE,"Success"
"41467_2025_65141_MOESM4_ESM.xlsx","Figure S8o","8 x 3","Figure S8o |  | ",FALSE,"Unknown (Legacy)","XML (Modern)",FALSE,"Success"
"41467_2025_65141_MOESM4_ESM.xlsx","Figure S8p","15 x 18","Figure S8p |  |  |  |  ...",FALSE,"Unknown (Legacy)","XML (Modern)",FALSE,"Success"
"41467_2025_65141_MOESM4_ESM.xlsx","Figure S9a","0 x 1","Figure S9a",FALSE,"Unknown (Legacy)","XML (Modern)",TRUE,"Success"
"41467_2025_65141_MOESM4_ESM.xlsx","Figure S9b","7 x 2","Figure S9b | ",FALSE,"Unknown (Legacy)","XML (Modern)",FALSE,"Success"
"41467_2025_65141_MOESM4_ESM.xlsx","Figure S9d","0 x 1","Figure S9d",FALSE,"Unknown (Legacy)","XML (Modern)",TRUE,"Success"
"41467_2025_65141_MOESM4_ESM.xlsx","Figure S9e","0 x 1","Figure S9e",FALSE,"Unknown (Legacy)","XML (Modern)",TRUE,"Success"
"41467_2025_65141_MOESM4_ESM.xlsx","Figure S9f","5 x 2","Figure S9f | ",FALSE,"Unknown (Legacy)","XML (Modern)",FALSE,"Success"
"41467_2025_65141_MOESM4_ESM.xlsx","Figure S10b","0 x 1","Figure S10b",FALSE,"Unknown (Legacy)","XML (Modern)",TRUE,"Success"
"41467_2025_65141_MOESM4_ESM.xlsx","Figure S10c","0 x 1","Figure S10c",FALSE,"Unknown (Legacy)","XML (Modern)",TRUE,"Success"
"41467_2025_65141_MOESM4_ESM.xlsx","Figure S10d","0 x 1","Figure S10d",FALSE,"Unknown (Legacy)","XML (Modern)",TRUE,"Success"
"41467_2025_65141_MOESM4_ESM.xlsx","Figure S10e","5 x 2","Figure S10e | ",FALSE,"Unknown (Legacy)","XML (Modern)",FALSE,"Success"
"41467_2025_65141_MOESM4_ESM.xlsx","Figure S10f","0 x 1","Figure S10f",FALSE,"Unknown (Legacy)","XML (Modern)",TRUE,"Success"
"41467_2025_65141_MOESM4_ESM.xlsx","Figure S11b","5 x 2","Figure S11b | ",FALSE,"Unknown (Legacy)","XML (Modern)",FALSE,"Success"
"41467_2025_65141_MOESM4_ESM.xlsx","Figure S11c","5 x 2","Figure S11c | ",FALSE,"Unknown (Legacy)","XML (Modern)",FALSE,"Success"
"41467_2025_65141_MOESM4_ESM.xlsx","Figure S11d","0 x 1","Figure S11d",FALSE,"Unknown (Legacy)","XML (Modern)",TRUE,"Success"
"41467_2025_65141_MOESM4_ESM.xlsx","Figure S11e","8 x 8","Figure S11e |  |  |  |  ...",FALSE,"Unknown (Legacy)","XML (Modern)",FALSE,"Success"
"41467_2025_65141_MOESM4_ESM.xlsx","Figure S11f","8 x 8","Figure S11f |  |  |  |  ...",FALSE,"Unknown (Legacy)","XML (Modern)",FALSE,"Success"
"41467_2025_65141_MOESM4_ESM.xlsx","Figure S11g","8 x 2","Figure S11g | ",FALSE,"Unknown (Legacy)","XML (Modern)",FALSE,"Success"
"41467_2025_65141_MOESM4_ESM.xlsx","Figure S11i","7 x 2","Figure S11i | ",FALSE,"Unknown (Legacy)","XML (Modern)",FALSE,"Success"
"41467_2025_65141_MOESM4_ESM.xlsx","Figure S11j","7 x 17","Figure S11j |  |  |  |  ...",FALSE,"Unknown (Legacy)","XML (Modern)",FALSE,"Success"
"41467_2025_65141_MOESM4_ESM.xlsx","Figure S12a","0 x 1","Figure S12a",FALSE,"Unknown (Legacy)","XML (Modern)",TRUE,"Success"
"41467_2025_65141_MOESM4_ESM.xlsx","Figure S12b","11 x 3","Figure S12b |  | ",FALSE,"Unknown (Legacy)","XML (Modern)",FALSE,"Success"
"41467_2025_65141_MOESM4_ESM.xlsx","Figure S12c","11 x 3","Figure S12c |  | ",FALSE,"Unknown (Legacy)","XML (Modern)",FALSE,"Success"
"41467_2025_65141_MOESM4_ESM.xlsx","Figure S12d","11 x 3","Figure S12d |  | ",FALSE,"Unknown (Legacy)","XML (Modern)",FALSE,"Success"
"41467_2025_65141_MOESM4_ESM.xlsx","Figure S12e","0 x 1","Figure S12e",FALSE,"Unknown (Legacy)","XML (Modern)",TRUE,"Success"
"41467_2025_65141_MOESM4_ESM.xlsx","Figure S12f","8 x 3","Figure S12f |  | ",FALSE,"Unknown (Legacy)","XML (Modern)",FALSE,"Success"
"41467_2025_65141_MOESM4_ESM.xlsx","Figure S12g","8 x 3","Figure S12g |  | ",FALSE,"Unknown (Legacy)","XML (Modern)",FALSE,"Success"
"41467_2025_65141_MOESM4_ESM.xlsx","Figure S12h","15 x 15","Figure S12h |  |  |  |  ...",FALSE,"Unknown (Legacy)","XML (Modern)",FALSE,"Success"
"41467_2025_65141_MOESM4_ESM.xlsx","Figure S12i","8 x 3","Figure S12i |  | ",FALSE,"Unknown (Legacy)","XML (Modern)",FALSE,"Success"
"41467_2025_65141_MOESM4_ESM.xlsx","Figure S12j","0 x 1","Figure S12j",FALSE,"Unknown (Legacy)","XML (Modern)",TRUE,"Success"
"41467_2025_65141_MOESM4_ESM.xlsx","Figure S12k","11 x 18","Figure S12k |  |  |  |  ...",FALSE,"Unknown (Legacy)","XML (Modern)",FALSE,"Success"
"41467_2025_65179_MOESM4_ESM.xlsx","Figure2a","140 x 4","Class | Variable | Pval | Corr",FALSE,"Unknown (Legacy)","XML (Modern)",FALSE,"Success"
"41467_2025_65179_MOESM4_ESM.xlsx","Figure2c","49 x 23","Subj | BNSTtheta | BNSTalpha | BNSTlbeta | BNSThbeta ...",FALSE,"Unknown (Legacy)","XML (Modern)",FALSE,"Success"
"41467_2025_65179_MOESM4_ESM.xlsx","Figure3a","8 x 4","GC | Imp | r | P",FALSE,"Unknown (Legacy)","XML (Modern)",FALSE,"Success"
"41467_2025_65179_MOESM4_ESM.xlsx","Figure3c","17 x 28","Subj | HAMA | HAMD | MADRS | DARS ...",FALSE,"Unknown (Legacy)","XML (Modern)",FALSE,"Success"
"41467_2025_65179_MOESM4_ESM.xlsx","Figure4a","28 x 4","Stage | HAMD | BNST.θ | Subj",FALSE,"Unknown (Legacy)","XML (Modern)",FALSE,"Success"
"41467_2025_65179_MOESM4_ESM.xlsx","Figure4b","18 x 7","Stim | Subj | Theta | Alpha | lBeta ...",FALSE,"Unknown (Legacy)","XML (Modern)",FALSE,"Success"
"41467_2025_65179_MOESM4_ESM.xlsx","Figure4c","110 x 4","Anxiety VAS | BNST.θ | Mood VAS | Subj",FALSE,"Unknown (Legacy)","XML (Modern)",FALSE,"Success"
"41467_2025_65179_MOESM4_ESM.xlsx","ExtendedFig1b","17 x 6","Subj | BNSTtoEEGGC.θ | EEGtoBNSTGC.θ | BNSTtheta | eegtheta ...",FALSE,"Unknown (Legacy)","XML (Modern)",FALSE,"Success"
"41467_2025_65179_MOESM4_ESM.xlsx","ExtendedFig2","26 x 17","Medical NO. | HAMA-Bs | HAMD-Bs | MADRS-Bs | DARS-Bs ...",FALSE,"Unknown (Legacy)","XML (Modern)",FALSE,"Success"
"41467_2025_65179_MOESM4_ESM.xlsx","ExtendedFig3a","140 x 4","Class | Variable | Pval | Corr",FALSE,"Unknown (Legacy)","XML (Modern)",FALSE,"Success"
"41467_2025_65179_MOESM4_ESM.xlsx","ExtendedFig3c","44 x 9","Subj | BNSTtheta | EEGtheta | EEGBNSTtheta | HAMA ...",FALSE,"Unknown (Legacy)","XML (Modern)",FALSE,"Success"
"41467_2025_65179_MOESM4_ESM.xlsx","ExtendedFig4a","36 x 5","r | Scale | Time | p | fdr_p",FALSE,"Unknown (Legacy)","XML (Modern)",FALSE,"Success"
"41467_2025_65179_MOESM4_ESM.xlsx","ExtendedFig4b","26 x 13","Medical NO. | Bias | EEG-BNST theta | Theta | WHOmean_3M ...",FALSE,"Unknown (Legacy)","XML (Modern)",FALSE,"Success"
"41467_2025_65179_MOESM4_ESM.xlsx","ExtendedFig5c","420 x 6","Improvement | Channel | Class | Variable | Pval ...",FALSE,"Unknown (Legacy)","XML (Modern)",FALSE,"Success"
