"FileName","SheetName","Dimensions","IsLikelyNonTabular","HeaderPreview"
"41467_2025_65055_MOESM9_ESM.xlsx","Fig2a-FA","48 x 5",FALSE,"White matter tracts | Beta | T-value | P-value | P-bof"
"41467_2025_65055_MOESM9_ESM.xlsx","Fig2b-FA","11042 x 3",FALSE,"Count_Greater_Than_2.6 | Count_Less_Than_-2.6 | d factor score"
"41467_2025_65055_MOESM9_ESM.xlsx","Fig2a-GM","139 x 5",FALSE,"Grey matter region | Beta | T-value | P-value | P-bof"
"41467_2025_65055_MOESM9_ESM.xlsx","Fig2b-GMV","11042 x 3",FALSE,"Count_Greater_Than_2.6 | Count_Less_Than_-2.6 | d factor score"
"41467_2025_65055_MOESM9_ESM.xlsx","Fig3b","82 x 8",FALSE,"Category | GeneSet | N_genes | N_overlap | p | adjP | genes | link"
"41467_2025_65055_MOESM9_ESM.xlsx","Fig3c","11 x 10",FALSE,"Category | ID | Name | p-value | q-value Bonferroni | q-value FDR B&H | q-value FDR B&Y | Hit Count in Query List | Hit Count in Genome | Hit in Query List"
"41467_2025_65055_MOESM9_ESM.xlsx","Fig3d","34 x 5",FALSE,"Feature | rg | se | P_value_original | P_value_FDR"
"41467_2025_65055_MOESM9_ESM.xlsx","Fig4-MR","16 x 23",FALSE,"SNP | effect_allele.exposure | other_allele.exposure | samplesize.exposure | eaf.exposure | beta.exposure | se.exposure | P.x | exposure | mr_keep.exposure | pval_origin.exposure | id.exposure | CHR | F | BP | P.y | TOTAL | NSIG | S05 | S01 | S001 | S0001 | SP2"
"41467_2025_65055_MOESM9_ESM.xlsx","Fig4-FA","10383 x 52",FALSE,"anterior corona radiata (left) | anterior corona radiata (right) | anterior limb of internal capsule (left) | anterior limb of internal capsule (right) | body of corpus callosum | cerebral peduncle (left) | cerebral peduncle (right) | cingulum cingulate gyrus (left) | cingulum cingulate gyrus (right) | cingulum hippocampus (left) | cingulum hippocampus (right) | corticospinal tract (left) | corticospinal tract (right) | external capsule (left) | external capsule (right) | fornix | fornix cres+stria terminalis (left) | fornix cres+stria terminalis (right) | genu of corpus callosum | inferior cerebellar peduncle (left) | inferior cerebellar peduncle (right) | medial lemniscus (left) | medial lemniscus (right) | middle cerebellar peduncle | pontine crossing tract | posterior corona radiata (left) | posterior corona radiata (right) | posterior limb of internal capsule (left) | posterior limb of internal capsule (right) | posterior thalamic radiation (left) | posterior thalamic radiation (right) | retrolenticular part of internal capsule (left) | retrolenticular part of internal capsule (right) | sagittal stratum (left) | sagittal stratum (right) | splenium of corpus callosum | superior cerebellar peduncle (left) | superior cerebellar peduncle (right) | superior corona radiata (left) | superior corona radiata (right) | superior fronto-occipital fasciculus (left) | superior fronto-occipital fasciculus (right) | superior longitudinal fasciculus (left) | superior longitudinal fasciculus (right) | tapetum (left) | tapetum (right) | uncinate fasciculus (left) | uncinate fasciculus (right) | age | sex | Index of Multiple Deprivation (England) | d factor(esem)"
"41467_2025_65055_MOESM9_ESM.xlsx","Fig4-GMV","10383 x 143",FALSE,"Amygdala (left) | Amygdala (right) | Angular Gyrus (left) | Angular Gyrus (right) | Brain-Stem | Caudate (left) | Caudate (right) | Central Opercular Cortex (left) | Central Opercular Cortex (right) | Cingulate Gyrus, anterior division (left) | Cingulate Gyrus, anterior division (right) | Cingulate Gyrus, posterior division (left) | Cingulate Gyrus, posterior division (right) | Crus I Cerebellum (left) | Crus I Cerebellum (right) | Crus I Cerebellum (vermis) | Crus II Cerebellum (left) | Crus II Cerebellum (right) | Crus II Cerebellum (vermis) | Cuneal Cortex (left) | Cuneal Cortex (right) | Frontal Medial Cortex (left) | Frontal Medial Cortex (right) | Frontal Operculum Cortex (left) | Frontal Operculum Cortex (right) | Frontal Orbital Cortex (left) | Frontal Orbital Cortex (right) | Frontal Pole (left) | Frontal Pole (right) | Heschl's Gyrus (includes H1 and H2) (left) | Heschl's Gyrus (includes H1 and H2) (right) | Hippocampus (left) | Hippocampus (right) | I-IV Cerebellum (left) | I-IV Cerebellum (right) | Inferior Frontal Gyrus, pars opercularis (left) | Inferior Frontal Gyrus, pars opercularis (right) | Inferior Frontal Gyrus, pars triangularis (left) | Inferior Frontal Gyrus, pars triangularis (right) | Inferior Temporal Gyrus, anterior division (left) | Inferior Temporal Gyrus, anterior division (right) | Inferior Temporal Gyrus, posterior division (left) | Inferior Temporal Gyrus, posterior division (right) | Inferior Temporal Gyrus, temporooccipital part (left) | Inferior Temporal Gyrus, temporooccipital part (right) | Insular Cortex (left) | Insular Cortex (right) | Intracalcarine Cortex (left) | Intracalcarine Cortex (right) | IX Cerebellum (left) | IX Cerebellum (right) | IX Cerebellum (vermis) | Juxtapositional Lobule Cortex (left) | Juxtapositional Lobule Cortex(right) | Lateral Occipital Cortex, inferior division (left) | Lateral Occipital Cortex, inferior division (right) | Lateral Occipital Cortex, superior division (left) | Lateral Occipital Cortex, superior division (right) | Lingual Gyrus (left) | Lingual Gyrus (right) | Middle Frontal Gyrus (left) | Middle Frontal Gyrus (right) | Middle Temporal Gyrus, anterior division (left) | Middle Temporal Gyrus, anterior division (right) | Middle Temporal Gyrus, posterior division (left) | Middle Temporal Gyrus, posterior division (right) | Middle Temporal Gyrus, temporooccipital part (left) | Middle Temporal Gyrus, temporooccipital part (right) | Occipital Fusiform Gyrus (left) | Occipital Fusiform Gyrus (right) | Occipital Pole (left) | Occipital Pole (right) | Pallidum (left) | Pallidum (right) | Paracingulate Gyrus (left) | Paracingulate Gyrus (right) | Parahippocampal Gyrus, anterior division (left) | Parahippocampal Gyrus, anterior division (right) | Parahippocampal Gyrus, posterior division (left) | Parahippocampal Gyrus, posterior division (right) | Parietal Operculum Cortex (left) | Parietal Operculum Cortex (right) | Planum Polare (left) | Planum Polare (right) | Planum Temporale (left) | Planum Temporale (right) | Postcentral Gyrus (left) | Postcentral Gyrus (right) | Precentral Gyrus (left) | Precentral Gyrus (right) | Precuneous Cortex (left) | Precuneous Cortex (right) | Putamen (left) | Putamen (right) | Subcallosal Cortex (left) | Subcallosal Cortex (right) | Superior Frontal Gyrus (left) | Superior Frontal Gyrus (right) | Superior Parietal Lobule (left) | Superior Parietal Lobule (right) | Superior Temporal Gyrus, anterior division (left) | Superior Temporal Gyrus, anterior division (right) | Superior Temporal Gyrus, posterior division (left) | Superior Temporal Gyrus, posterior division (right) | Supracalcarine Cortex (left) | Supracalcarine Cortex (right) | Supramarginal Gyrus, anterior division (left) | Supramarginal Gyrus, anterior division (right) | Supramarginal Gyrus, posterior division (left) | Supramarginal Gyrus, posterior division (right) | Temporal Fusiform Cortex, anterior division (left) | Temporal Fusiform Cortex, anterior division (right) | Temporal Fusiform Cortex, posterior division (left) | Temporal Fusiform Cortex, posterior division (right) | Temporal Occipital Fusiform Cortex (left) | Temporal Occipital Fusiform Cortex (right) | Temporal Pole (left) | Temporal Pole (right) | Thalamus (left) | Thalamus (right) | V Cerebellum (left) | V Cerebellum (right) | Ventral Striatum (left) | Ventral Striatum (right) | VI Cerebellum (left) | VI Cerebellum (right) | VI Cerebellum (vermis) | VIIb Cerebellum (left) | VIIb Cerebellum (right) | VIIb Cerebellum (vermis) | VIIIa Cerebellum (left) | VIIIa Cerebellum (right) | VIIIa Cerebellum (vermis) | VIIIb Cerebellum (left) | VIIIb Cerebellum (right) | VIIIb Cerebellum (vermis) | X Cerebellum (left) | X Cerebellum (right) | X Cerebellum (vermis) | age | sex | Index of Multiple Deprivation (England) | d factor(esem)"
"41467_2025_65055_MOESM9_ESM.xlsx","Fig-S1","301 x 1",TRUE,"> summary(fit,fit.measures=TRUE, rsquare = TRUE,standardized = TRUE)"
"41467_2025_65055_MOESM9_ESM.xlsx","Fig-S2a","90 x 5",FALSE,"source_id | target_id | Value | Source | Target"
"41467_2025_65055_MOESM9_ESM.xlsx","Fig-S2b","21256 x 2",FALSE,"dis count | ESEM_D"
"41467_2025_65055_MOESM9_ESM.xlsx","Fig-S3-FA","48 x 4",FALSE,"ID in UKB | Index in atlas | Brain_Region | Mean_z_score"
"41467_2025_65055_MOESM9_ESM.xlsx","Fig-S3-GMV","139 x 4",FALSE,"ID in UKB | Index in atlas | Brain_Region | Mean_z_score"
"41467_2025_65055_MOESM9_ESM.xlsx","Fig-S4","11 x 23",FALSE,"SNP | effect_allele.exposure | other_allele.exposure | samplesize.exposure | eaf.exposure | beta.exposure | se.exposure | P.x | exposure | mr_keep.exposure | pval_origin.exposure | id.exposure | CHR | F | BP | P.y | TOTAL | NSIG | S05 | S01 | S001 | S0001 | SP2"
"41467_2025_65141_MOESM4_ESM.xlsx","Figure 1b","10 x 3",FALSE,"Figure 1b |  | "
"41467_2025_65141_MOESM4_ESM.xlsx","Figure 1c","0 x 1",TRUE,"Figure 1c"
"41467_2025_65141_MOESM4_ESM.xlsx","Figure 1e","11 x 2",FALSE,"Figure 1e | "
"41467_2025_65141_MOESM4_ESM.xlsx","Figure 1g","66 x 2",FALSE,"Figure 1g | "
"41467_2025_65141_MOESM4_ESM.xlsx","Figure 1h","66 x 2",FALSE,"Figure 1h | "
"41467_2025_65141_MOESM4_ESM.xlsx","Figure 1i","0 x 1",TRUE,"Figure 1i"
"41467_2025_65141_MOESM4_ESM.xlsx","Figure 1k","5 x 2",FALSE,"Figure 1k | "
"41467_2025_65141_MOESM4_ESM.xlsx","Figure 2a","8 x 11",FALSE,"Figure 2a |  |  |  |  |  |  |  |  |  | "
"41467_2025_65141_MOESM4_ESM.xlsx","Figure 2b","9 x 8",FALSE,"Figure 2b |  |  |  |  |  |  | "
"41467_2025_65141_MOESM4_ESM.xlsx","Figure 2d","8 x 5",FALSE,"Figure 2d |  |  |  | "
"41467_2025_65141_MOESM4_ESM.xlsx","Figure 2c","0 x 1",TRUE,"Figure 2c"
"41467_2025_65141_MOESM4_ESM.xlsx","Figure 2f","8 x 2",FALSE,"Figure 2f | "
"41467_2025_65141_MOESM4_ESM.xlsx","Figure 2h","8 x 2",FALSE,"Figure 2h | "
"41467_2025_65141_MOESM4_ESM.xlsx","Figure 2j","8 x 2",FALSE,"Figure 2j | "
"41467_2025_65141_MOESM4_ESM.xlsx","Figure 2l","8 x 2",FALSE,"Figure 2l | "
"41467_2025_65141_MOESM4_ESM.xlsx","Figure 2m","0 x 1",TRUE,"Figure 2m"
"41467_2025_65141_MOESM4_ESM.xlsx","Figure 2n","6 x 2",FALSE,"Figure 2n | "
"41467_2025_65141_MOESM4_ESM.xlsx","Figure 2o","15 x 8",FALSE,"Figure 2o |  |  |  |  |  |  | "
"41467_2025_65141_MOESM4_ESM.xlsx","Figure 2r","39 x 12",FALSE,"Figure 2r | "
"41467_2025_65141_MOESM4_ESM.xlsx","Figure 2s","7 x 2",FALSE,"Figure 2s | "
"41467_2025_65141_MOESM4_ESM.xlsx","Figure 3b","55 x 6",FALSE,"Figure 3b |  |  |  |  | "
"41467_2025_65141_MOESM4_ESM.xlsx","Figure 3c","54 x 6",FALSE,"Figure 3c |  |  |  |  | "
"41467_2025_65141_MOESM4_ESM.xlsx","Figure 3f","8 x 2",FALSE,"Figure 3f | "
"41467_2025_65141_MOESM4_ESM.xlsx","Figure 3h","0 x 1",TRUE,"Figure 3h"
"41467_2025_65141_MOESM4_ESM.xlsx","Figure 3i","15 x 9",FALSE,"Figure 3i |  |  |  |  |  |  |  | "
"41467_2025_65141_MOESM4_ESM.xlsx","Figure 3j","6 x 2",FALSE,"Figure 3j | "
"41467_2025_65141_MOESM4_ESM.xlsx","Figure 3k","6 x 2",FALSE,"Figure 3k | "
"41467_2025_65141_MOESM4_ESM.xlsx","Figure 4b","8 x 2",FALSE,"Figure 4b | "
"41467_2025_65141_MOESM4_ESM.xlsx","Figure 4c","8 x 2",FALSE,"Figure 4c | "
"41467_2025_65141_MOESM4_ESM.xlsx","Figure 4e","0 x 1",TRUE,"Figure 4e"
"41467_2025_65141_MOESM4_ESM.xlsx","Figure 4f","9 x 2",FALSE,"Figure 4f | "
"41467_2025_65141_MOESM4_ESM.xlsx","Figure 4g","15 x 13",FALSE,"Figure 4g |  |  |  |  |  |  |  |  |  |  |  | "
"41467_2025_65141_MOESM4_ESM.xlsx","Figure 4h","5 x 13",FALSE,"Figure 4h |  |  |  |  |  |  |  |  |  |  |  | "
"41467_2025_65141_MOESM4_ESM.xlsx","Figure 4i","5 x 13",FALSE,"Figure 4i |  |  |  |  |  |  |  |  |  |  |  | "
"41467_2025_65141_MOESM4_ESM.xlsx","Figure 5a","0 x 1",TRUE,"Figure 5a"
"41467_2025_65141_MOESM4_ESM.xlsx","Figure 5b","0 x 1",TRUE,"Figure 5b"
"41467_2025_65141_MOESM4_ESM.xlsx","Figure 5c","0 x 1",TRUE,"Figure 5c"
"41467_2025_65141_MOESM4_ESM.xlsx","Figure 5d","0 x 1",TRUE,"Figure 5d"
"41467_2025_65141_MOESM4_ESM.xlsx","Figure 5e","0 x 1",TRUE,"Figure 5e"
"41467_2025_65141_MOESM4_ESM.xlsx","Figure 5f","0 x 1",TRUE,"Figure 5f"
"41467_2025_65141_MOESM4_ESM.xlsx","Figure 5g","0 x 1",TRUE,"Figure 5g"
"41467_2025_65141_MOESM4_ESM.xlsx","Figure 5h","7 x 3",FALSE,"Figure 5h |  | "
"41467_2025_65141_MOESM4_ESM.xlsx","Figure 5i","5 x 3",FALSE,"Figure 5i |  | "
"41467_2025_65141_MOESM4_ESM.xlsx","Figure 5j","0 x 1",TRUE,"Figure 5j"
"41467_2025_65141_MOESM4_ESM.xlsx","Figure 5k","6 x 2",FALSE,"Figure 5k | "
"41467_2025_65141_MOESM4_ESM.xlsx","Figure 5l","6 x 2",FALSE,"Figure 5l | "
"41467_2025_65141_MOESM4_ESM.xlsx","Figure 5m","0 x 1",TRUE,"Figure 5m"
"41467_2025_65141_MOESM4_ESM.xlsx","Figure 6a","0 x 1",TRUE,"Figure 6a"
"41467_2025_65141_MOESM4_ESM.xlsx","Figure 6b","0 x 1",TRUE,"Figure 6b"
"41467_2025_65141_MOESM4_ESM.xlsx","Figure 6c","0 x 1",TRUE,"Figure 6c"
"41467_2025_65141_MOESM4_ESM.xlsx","Figure 6d","0 x 1",TRUE,"Figure 6d"
"41467_2025_65141_MOESM4_ESM.xlsx","Figure 6f","65 x 2",FALSE,"Figure 6f | "
"41467_2025_65141_MOESM4_ESM.xlsx","Figure 6g","65 x 2",FALSE,"Figure 6g | "
"41467_2025_65141_MOESM4_ESM.xlsx","Figure 6i","8 x 2",FALSE,"Figure 6i | "
"41467_2025_65141_MOESM4_ESM.xlsx","Figure 6k","8 x 2",FALSE,"Figure 6k | "
"41467_2025_65141_MOESM4_ESM.xlsx","Figure 6m","8 x 2",FALSE,"Figure 6m | "
"41467_2025_65141_MOESM4_ESM.xlsx","Figure 6o","8 x 2",FALSE,"Figure 6o | "
"41467_2025_65141_MOESM4_ESM.xlsx","Figure 6p","0 x 1",TRUE,"Figure 6p"
"41467_2025_65141_MOESM4_ESM.xlsx","Figure 6q","7 x 2",FALSE,"Figure 6q | "
"41467_2025_65141_MOESM4_ESM.xlsx","Figure 6r","15 x 10",FALSE,"Figure 6r |  |  |  |  |  |  |  |  | "
"41467_2025_65141_MOESM4_ESM.xlsx","Figure 7b","8 x 3",FALSE,"Figure 7b |  | "
"41467_2025_65141_MOESM4_ESM.xlsx","Figure 7d","7 x 3",FALSE,"Figure 7d |  | "
"41467_2025_65141_MOESM4_ESM.xlsx","Figure 7e","0 x 1",TRUE,"Figure 7e"
"41467_2025_65141_MOESM4_ESM.xlsx","Figure 7f","7 x 11",FALSE,"Figure 7f |  |  |  |  |  |  |  |  |  | "
"41467_2025_65141_MOESM4_ESM.xlsx","Figure 7g","8 x 2",FALSE,"Figure 7g | "
"41467_2025_65141_MOESM4_ESM.xlsx","Figure 7i","8 x 3",FALSE,"Figure 7i |  | "
"41467_2025_65141_MOESM4_ESM.xlsx","Figure 7j","8 x 3",FALSE,"Figure 7j |  | "
"41467_2025_65141_MOESM4_ESM.xlsx","Figure 7l","8 x 3",FALSE,"Figure 7l |  | "
"41467_2025_65141_MOESM4_ESM.xlsx","Figure 7m","11 x 3",FALSE,"Figure 7m |  | "
"41467_2025_65141_MOESM4_ESM.xlsx","Figure 7n","6 x 3",FALSE,"Figure 7n |  | "
"41467_2025_65141_MOESM4_ESM.xlsx","Figure S1a","0 x 1",TRUE,"Figure S1a"
"41467_2025_65141_MOESM4_ESM.xlsx","Figure S1b","6 x 3",FALSE,"Figure S1b |  | "
"41467_2025_65141_MOESM4_ESM.xlsx","Figure S1c","10 x 3",FALSE,"Figure S1c |  | "
"41467_2025_65141_MOESM4_ESM.xlsx","Figure S1d","9 x 11",FALSE,"Figure S1d |  |  |  |  |  |  |  |  |  | "
"41467_2025_65141_MOESM4_ESM.xlsx","Figure S1e","0 x 1",TRUE,"Figure S1e"
"41467_2025_65141_MOESM4_ESM.xlsx","Figure S1f","6 x 3",FALSE,"Figure S1f |  | "
"41467_2025_65141_MOESM4_ESM.xlsx","Figure S1g","6 x 19",FALSE,"Figure S1g |  |  |  |  |  |  |  |  |  |  |  |  |  |  |  |  |  | "
"41467_2025_65141_MOESM4_ESM.xlsx","Figure S1h","6 x 19",FALSE,"Figure S1h |  |  |  |  |  |  |  |  |  |  |  |  |  |  |  |  |  | "
"41467_2025_65141_MOESM4_ESM.xlsx","Figure S1i","6 x 19",FALSE,"Figure S1i |  |  |  |  |  |  |  |  |  |  |  |  |  |  |  |  |  | "
"41467_2025_65141_MOESM4_ESM.xlsx","Figure S1l","6 x 2",FALSE,"Figure S1l | "
"41467_2025_65141_MOESM4_ESM.xlsx","Figure S1m","6 x 2",FALSE,"Figure S1m | "
"41467_2025_65141_MOESM4_ESM.xlsx","Figure S2a","0 x 1",TRUE,"Figure S2a"
"41467_2025_65141_MOESM4_ESM.xlsx","Figure S2b","5 x 3",FALSE,"Figure S2b |  | "
"41467_2025_65141_MOESM4_ESM.xlsx","Figure S2c","5 x 3",FALSE,"Figure S2c |  | "
"41467_2025_65141_MOESM4_ESM.xlsx","Figure S2d","0 x 1",TRUE,"Figure S2d"
"41467_2025_65141_MOESM4_ESM.xlsx","Figure S2e","0 x 1",TRUE,"Figure S2e"
"41467_2025_65141_MOESM4_ESM.xlsx","Figure S2g","8 x 2",FALSE,"Figure S2g | "
"41467_2025_65141_MOESM4_ESM.xlsx","Figure S2j","6 x 2",FALSE,"Figure S2j | "
"41467_2025_65141_MOESM4_ESM.xlsx","Figure S2k","5 x 12",FALSE,"Figure S2k |  |  |  |  |  |  |  |  |  |  | "
"41467_2025_65141_MOESM4_ESM.xlsx","Figure S2l","10 x 11",FALSE,"Figure S2l |  |  |  |  |  |  |  |  |  | "
"41467_2025_65141_MOESM4_ESM.xlsx","Figure S2o","6 x 3",FALSE,"Figure S2o |  | "
"41467_2025_65141_MOESM4_ESM.xlsx","Figure S3b","0 x 1",TRUE,"Figure S3b"
"41467_2025_65141_MOESM4_ESM.xlsx","Figure S3c","8 x 2",FALSE,"Figure S3c | "
"41467_2025_65141_MOESM4_ESM.xlsx","Figure S3e","6 x 2",FALSE,"Figure S3e | "
"41467_2025_65141_MOESM4_ESM.xlsx","Figure S3f","0 x 1",TRUE,"Figure S3f"
"41467_2025_65141_MOESM4_ESM.xlsx","Figure S3g","10 x 8",FALSE,"Figure S3g |  |  |  |  |  |  | "
"41467_2025_65141_MOESM4_ESM.xlsx","Figure S3i","8 x 2",FALSE,"Figure S3i | "
"41467_2025_65141_MOESM4_ESM.xlsx","Figure S3j","0 x 1",TRUE,"Figure S3j"
"41467_2025_65141_MOESM4_ESM.xlsx","Figure S3k","7 x 2",FALSE,"Figure S3k | "
"41467_2025_65141_MOESM4_ESM.xlsx","Figure S3l","15 x 11",FALSE,"Figure S3l |  |  |  |  |  |  |  |  |  | "
"41467_2025_65141_MOESM4_ESM.xlsx","Figure S3m","5 x 2",FALSE,"Figure S3m | "
"41467_2025_65141_MOESM4_ESM.xlsx","Figure S4b","6 x 4",FALSE,"Figure S4b |  |  | "
"41467_2025_65141_MOESM4_ESM.xlsx","Figure S4f","8 x 2",FALSE,"Figure S4f | "
"41467_2025_65141_MOESM4_ESM.xlsx","Figure S4h","8 x 2",FALSE,"Figure S4h | "
"41467_2025_65141_MOESM4_ESM.xlsx","Figure S4j","8 x 2",FALSE,"Figure S4j | "
"41467_2025_65141_MOESM4_ESM.xlsx","Figure S4l","8 x 2",FALSE,"Figure S4l | "
"41467_2025_65141_MOESM4_ESM.xlsx","Figure S4m","0 x 1",TRUE,"Figure S4m"
"41467_2025_65141_MOESM4_ESM.xlsx","Figure S4n","7 x 11",FALSE,"Figure S4n |  |  |  |  |  |  |  |  |  | "
"41467_2025_65141_MOESM4_ESM.xlsx","Figure S5b","0 x 1",TRUE,"Figure S5b"
"41467_2025_65141_MOESM4_ESM.xlsx","Figure S5c","5 x 2",FALSE,"Figure S5c | "
"41467_2025_65141_MOESM4_ESM.xlsx","Figure S5e","15 x 11",FALSE,"Figure S5e |  |  |  |  |  |  |  |  |  | "
"41467_2025_65141_MOESM4_ESM.xlsx","Figure S5f","7 x 2",FALSE,"Figure S5f | "
"41467_2025_65141_MOESM4_ESM.xlsx","Figure S5g","9 x 2",FALSE,"Figure S5g | "
"41467_2025_65141_MOESM4_ESM.xlsx","Figure S5h","9 x 2",FALSE,"Figure S5h | "
"41467_2025_65141_MOESM4_ESM.xlsx","Figure S5i","9 x 2",FALSE,"Figure S5i | "
"41467_2025_65141_MOESM4_ESM.xlsx","Figure S6b","7 x 2",FALSE,"Figure S6b | "
"41467_2025_65141_MOESM4_ESM.xlsx","Figure S6c","0 x 1",TRUE,"Figure S6c"
"41467_2025_65141_MOESM4_ESM.xlsx","Figure S6d","0 x 1",TRUE,"Figure S6d"
"41467_2025_65141_MOESM4_ESM.xlsx","Figure S6e","0 x 1",TRUE,"Figure S6e"
"41467_2025_65141_MOESM4_ESM.xlsx","Figure S6f","6 x 2",FALSE,"Figure S6f | "
"41467_2025_65141_MOESM4_ESM.xlsx","Figure S6g","6 x 2",FALSE,"Figure S6g | "
"41467_2025_65141_MOESM4_ESM.xlsx","Figure S6i","0 x 1",TRUE,"Figure S6i"
"41467_2025_65141_MOESM4_ESM.xlsx","Figure S6j","5 x 2",FALSE,"Figure S6j | "
"41467_2025_65141_MOESM4_ESM.xlsx","Figure S6k","7 x 2",FALSE,"Figure S6k | "
"41467_2025_65141_MOESM4_ESM.xlsx","Figure S6l","0 x 1",TRUE,"Figure S6l"
"41467_2025_65141_MOESM4_ESM.xlsx","Figure S6m","9 x 5",FALSE,"Figure S6m |  |  |  | "
"41467_2025_65141_MOESM4_ESM.xlsx","Figure S7c","0 x 1",TRUE,"Figure S7c"
"41467_2025_65141_MOESM4_ESM.xlsx","Figure S7d","0 x 1",TRUE,"Figure S7d"
"41467_2025_65141_MOESM4_ESM.xlsx","Figure S7e","0 x 1",TRUE,"Figure S7e"
"41467_2025_65141_MOESM4_ESM.xlsx","Figure S7f","0 x 1",TRUE,"Figure S7f"
"41467_2025_65141_MOESM4_ESM.xlsx","Figure S7g","0 x 1",TRUE,"Figure S7g"
"41467_2025_65141_MOESM4_ESM.xlsx","Figure S7h","0 x 1",TRUE,"Figure S7h"
"41467_2025_65141_MOESM4_ESM.xlsx","Figure S7i","0 x 1",TRUE,"Figure S7i"
"41467_2025_65141_MOESM4_ESM.xlsx","Figure S7j","0 x 1",TRUE,"Figure S7j"
"41467_2025_65141_MOESM4_ESM.xlsx","Figure S7k","5 x 2",FALSE,"Figure S7k | "
"41467_2025_65141_MOESM4_ESM.xlsx","Figure S7l","5 x 2",FALSE,"Figure S7l | "
"41467_2025_65141_MOESM4_ESM.xlsx","Figure S7m","0 x 1",TRUE,"Figure S7m"
"41467_2025_65141_MOESM4_ESM.xlsx","Figure S7n","0 x 1",TRUE,"Figure S7n"
"41467_2025_65141_MOESM4_ESM.xlsx","Figure S7o","0 x 1",TRUE,"Figure S7o"
"41467_2025_65141_MOESM4_ESM.xlsx","Figure S8a","0 x 1",TRUE,"Figure S8a"
"41467_2025_65141_MOESM4_ESM.xlsx","Figure S8b","0 x 1",TRUE,"Figure S8b"
"41467_2025_65141_MOESM4_ESM.xlsx","Figure S8c","8 x 3",FALSE,"Figure S8c |  | "
"41467_2025_65141_MOESM4_ESM.xlsx","Figure S8d","8 x 3",FALSE,"Figure S8d |  | "
"41467_2025_65141_MOESM4_ESM.xlsx","Figure S8e","8 x 3",FALSE,"Figure S8e |  | "
"41467_2025_65141_MOESM4_ESM.xlsx","Figure S8g","6 x 3",FALSE,"Figure S8g |  | "
"41467_2025_65141_MOESM4_ESM.xlsx","Figure S8i","67 x 3",FALSE,"Figure S8i |  | "
"41467_2025_65141_MOESM4_ESM.xlsx","Figure S8j","67 x 3",FALSE,"Figure S8j |  | "
"41467_2025_65141_MOESM4_ESM.xlsx","Figure S8l","8 x 3",FALSE,"Figure S8l |  | "
"41467_2025_65141_MOESM4_ESM.xlsx","Figure S8m","8 x 3",FALSE,"Figure S8m |  | "
"41467_2025_65141_MOESM4_ESM.xlsx","Figure S8n","0 x 1",TRUE,"Figure S8n"
"41467_2025_65141_MOESM4_ESM.xlsx","Figure S8o","8 x 3",FALSE,"Figure S8o |  | "
"41467_2025_65141_MOESM4_ESM.xlsx","Figure S8p","15 x 18",FALSE,"Figure S8p |  |  |  |  |  |  |  |  |  |  |  |  |  |  |  |  | "
"41467_2025_65141_MOESM4_ESM.xlsx","Figure S9a","0 x 1",TRUE,"Figure S9a"
"41467_2025_65141_MOESM4_ESM.xlsx","Figure S9b","7 x 2",FALSE,"Figure S9b | "
"41467_2025_65141_MOESM4_ESM.xlsx","Figure S9d","0 x 1",TRUE,"Figure S9d"
"41467_2025_65141_MOESM4_ESM.xlsx","Figure S9e","0 x 1",TRUE,"Figure S9e"
"41467_2025_65141_MOESM4_ESM.xlsx","Figure S9f","5 x 2",FALSE,"Figure S9f | "
"41467_2025_65141_MOESM4_ESM.xlsx","Figure S10b","0 x 1",TRUE,"Figure S10b"
"41467_2025_65141_MOESM4_ESM.xlsx","Figure S10c","0 x 1",TRUE,"Figure S10c"
"41467_2025_65141_MOESM4_ESM.xlsx","Figure S10d","0 x 1",TRUE,"Figure S10d"
"41467_2025_65141_MOESM4_ESM.xlsx","Figure S10e","5 x 2",FALSE,"Figure S10e | "
"41467_2025_65141_MOESM4_ESM.xlsx","Figure S10f","0 x 1",TRUE,"Figure S10f"
"41467_2025_65141_MOESM4_ESM.xlsx","Figure S11b","5 x 2",FALSE,"Figure S11b | "
"41467_2025_65141_MOESM4_ESM.xlsx","Figure S11c","5 x 2",FALSE,"Figure S11c | "
"41467_2025_65141_MOESM4_ESM.xlsx","Figure S11d","0 x 1",TRUE,"Figure S11d"
"41467_2025_65141_MOESM4_ESM.xlsx","Figure S11e","8 x 8",FALSE,"Figure S11e |  |  |  |  |  |  | "
"41467_2025_65141_MOESM4_ESM.xlsx","Figure S11f","8 x 8",FALSE,"Figure S11f |  |  |  |  |  |  | "
"41467_2025_65141_MOESM4_ESM.xlsx","Figure S11g","8 x 2",FALSE,"Figure S11g | "
"41467_2025_65141_MOESM4_ESM.xlsx","Figure S11i","7 x 2",FALSE,"Figure S11i | "
"41467_2025_65141_MOESM4_ESM.xlsx","Figure S11j","7 x 17",FALSE,"Figure S11j |  |  |  |  |  |  |  |  |  |  |  |  |  |  |  | "
"41467_2025_65141_MOESM4_ESM.xlsx","Figure S12a","0 x 1",TRUE,"Figure S12a"
"41467_2025_65141_MOESM4_ESM.xlsx","Figure S12b","11 x 3",FALSE,"Figure S12b |  | "
"41467_2025_65141_MOESM4_ESM.xlsx","Figure S12c","11 x 3",FALSE,"Figure S12c |  | "
"41467_2025_65141_MOESM4_ESM.xlsx","Figure S12d","11 x 3",FALSE,"Figure S12d |  | "
"41467_2025_65141_MOESM4_ESM.xlsx","Figure S12e","0 x 1",TRUE,"Figure S12e"
"41467_2025_65141_MOESM4_ESM.xlsx","Figure S12f","8 x 3",FALSE,"Figure S12f |  | "
"41467_2025_65141_MOESM4_ESM.xlsx","Figure S12g","8 x 3",FALSE,"Figure S12g |  | "
"41467_2025_65141_MOESM4_ESM.xlsx","Figure S12h","15 x 15",FALSE,"Figure S12h |  |  |  |  |  |  |  |  |  |  |  |  |  | "
"41467_2025_65141_MOESM4_ESM.xlsx","Figure S12i","8 x 3",FALSE,"Figure S12i |  | "
"41467_2025_65141_MOESM4_ESM.xlsx","Figure S12j","0 x 1",TRUE,"Figure S12j"
"41467_2025_65141_MOESM4_ESM.xlsx","Figure S12k","11 x 18",FALSE,"Figure S12k |  |  |  |  |  |  |  |  |  |  |  |  |  |  |  |  | "
"41467_2025_65179_MOESM4_ESM.xlsx","Figure2a","140 x 4",FALSE,"Class | Variable | Pval | Corr"
"41467_2025_65179_MOESM4_ESM.xlsx","Figure2c","49 x 23",FALSE,"Subj | BNSTtheta | BNSTalpha | BNSTlbeta | BNSThbeta | BNSTgamma | EEGtheta | EEGalpha | EEGlbeta | EEGhbeta | EEGgamma | EEGBNSTtheta | EEGBNSTalpha | EEGBNSTlBeta | EEGBNSThBeta | EEGBNSTGamma | HAMA | HAMD | MADRS | DARS | fo | SDS | bias"
"41467_2025_65179_MOESM4_ESM.xlsx","Figure3a","8 x 4",FALSE,"GC | Imp | r | P"
"41467_2025_65179_MOESM4_ESM.xlsx","Figure3c","17 x 28",FALSE,"Subj | HAMA | HAMD | MADRS | DARS | MADRSimp | HAMDimp | HAMAimp | DARSimp | NegValence | PosValence | NegArousal | PosArousal | ValenceBias | ArousalBias | BNSTtoEEGGC.θ | EEGtoBNSTGC.θ | BNSTtheta | eegtheta | BNSTEEGtheta | HAMA.6mimp | HAMD.6mimp | MADRS.6mimp | DARS.6mimp | HAMA.1yimp | HAMD.1yimp | MADRS.1yimp | DARS.1yimp"
"41467_2025_65179_MOESM4_ESM.xlsx","Figure4a","28 x 4",FALSE,"Stage | HAMD | BNST.θ | Subj"
"41467_2025_65179_MOESM4_ESM.xlsx","Figure4b","18 x 7",FALSE,"Stim | Subj | Theta | Alpha | lBeta | hBeta | Gamma"
"41467_2025_65179_MOESM4_ESM.xlsx","Figure4c","110 x 4",FALSE,"Anxiety VAS | BNST.θ | Mood VAS | Subj"
"41467_2025_65179_MOESM4_ESM.xlsx","ExtendedFig1b","17 x 6",FALSE,"Subj | BNSTtoEEGGC.θ | EEGtoBNSTGC.θ | BNSTtheta | eegtheta | BNSTEEGtheta"
"41467_2025_65179_MOESM4_ESM.xlsx","ExtendedFig2","26 x 17",FALSE,"Medical NO. | HAMA-Bs | HAMD-Bs | MADRS-Bs | DARS-Bs | HAMA-3M | HAMD-3M | MADRS-3M | DARS-3M | HAMA-6M | HAMD-6M | MADRS-6M | DARS-6M | HAMA-1Y | HAMD-1Y | MADRS-1Y | DARS-1Y"
"41467_2025_65179_MOESM4_ESM.xlsx","ExtendedFig3a","140 x 4",FALSE,"Class | Variable | Pval | Corr"
"41467_2025_65179_MOESM4_ESM.xlsx","ExtendedFig3c","44 x 9",FALSE,"Subj | BNSTtheta | EEGtheta | EEGBNSTtheta | HAMA | HAMD | MADRS | DARS | fo"
"41467_2025_65179_MOESM4_ESM.xlsx","ExtendedFig4a","36 x 5",FALSE,"r | Scale | Time | p | fdr_p"
"41467_2025_65179_MOESM4_ESM.xlsx","ExtendedFig4b","26 x 13",FALSE,"Medical NO. | Bias | EEG-BNST theta | Theta | WHOmean_3M | SDS_3M | SF_3M | WHOmean_6M | SDS_6M | SF_6M | WHOmean_1Y | SDS_1Y | SF_1Y"
"41467_2025_65179_MOESM4_ESM.xlsx","ExtendedFig5c","420 x 6",FALSE,"Improvement | Channel | Class | Variable | Pval | Corr"
